{"type":"FeatureCollection","features":[{"type":"Feature","properties":{"name":"Volusia","fee_name":"Thoroughfare Road Impact Fee","fee_category":"Impact Fee","year":2023,"schedule_url":"files/fee-schedules/Volusia_County_Schedule.pdf","fdot_district":5,"layer":"county"},"geometry":{"type":"MultiPolygon","coordinates":[[[[-80.745,28.792],[-80.742,28.794],[-80.746,28.791],[-80.747,28.796],[-80.745,28.792]]],[[[-80.751,28.803],[-80.75,28.799],[-80.756,28.797],[-80.751,28.803]]],[[[-80.764,28.811],[-80.763,28.807],[-80.769,28.81],[-80.764,28.811]]],[[[-80.77,28.817],[-80.772,28.821],[-80.767,28.82],[-80.77,28.817]]],[[[-80.811,28.87],[-80.815,28.87],[-80.813,28.875],[-80.811,28.87]]],[[[-80.796,28.874],[-80.798,28.868],[-80.799,28.876],[-80.796,28.874]]],[[[-80.808,28.872],[-80.805,28.865],[-80.81,28.863],[-80.811,28.879],[-80.808,28.872]]],[[[-80.835,28.891],[-80.831,28.886],[-80.836,28.881],[-80.835,28.891]]],[[[-80.818,28.891],[-80.813,28.884],[-80.821,28.889],[-80.818,28.891]]],[[[-80.838,28.89],[-80.842,28.883],[-80.845,28.889],[-80.838,28.89]]],[[[-80.809,28.892],[-80.805,28.884],[-80.81,28.881],[-80.812,28.894],[-80.809,28.892]]],[[[-80.836,28.897],[-80.832,28.896],[-80.833,28.89],[-80.836,28.897]]],[[[-80.823,28.898],[-80.822,28.894],[-80.827,28.896],[-80.823,28.885],[-80.827,28.884],[-80.83,28.895],[-80.823,28.898]]],[[[-80.823,28.904],[-80.819,28.898],[-80.823,28.903],[-80.822,28.899],[-80.826,28.901],[-80.823,28.904]]],[[[-80.839,28.905],[-80.836,28.904],[-80.839,28.901],[-80.843,28.908],[-80.839,28.905]]],[[[-80.839,28.917],[-80.825,28.91],[-80.828,28.903],[-80.833,28.903],[-80.827,28.906],[-80.829,28.912],[-80.84,28.915],[-80.836,28.907],[-80.837,28.911],[-80.844,28.911],[-80.839,28.917]]],[[[-80.83,28.92],[-80.827,28.915],[-80.83,28.92],[-80.829,28.915],[-80.833,28.917],[-80.83,28.92]]],[[[-80.855,28.931],[-80.85,28.927],[-80.844,28.93],[-80.846,28.926],[-80.841,28.923],[-80.851,28.925],[-80.852,28.918],[-80.857,28.922],[-80.853,28.924],[-80.855,28.931]]],[[[-80.863,28.939],[-80.856,28.932],[-80.862,28.931],[-80.856,28.911],[-80.851,28.91],[-80.856,28.92],[-80.853,28.917],[-80.848,28.922],[-80.845,28.918],[-80.853,28.916],[-80.85,28.907],[-80.847,28.911],[-80.851,28.915],[-80.845,28.915],[-80.848,28.896],[-80.864,28.929],[-80.866,28.94],[-80.863,28.939]]],[[[-80.837,28.939],[-80.831,28.926],[-80.836,28.93],[-80.832,28.925],[-80.837,28.924],[-80.838,28.917],[-80.841,28.925],[-80.838,28.926],[-80.843,28.925],[-80.841,28.934],[-80.849,28.928],[-80.852,28.934],[-80.844,28.936],[-80.845,28.943],[-80.841,28.939],[-80.844,28.944],[-80.837,28.939]]],[[[-80.855,28.941],[-80.861,28.935],[-80.857,28.944],[-80.855,28.941]]],[[[-80.846,28.944],[-80.849,28.939],[-80.854,28.945],[-80.846,28.944]]],[[[-80.852,28.954],[-80.845,28.945],[-80.856,28.946],[-80.856,28.951],[-80.852,28.947],[-80.857,28.954],[-80.852,28.954]]],[[[-80.863,28.957],[-80.859,28.956],[-80.861,28.951],[-80.862,28.954],[-80.857,28.954],[-80.861,28.95],[-80.857,28.947],[-80.868,28.955],[-80.863,28.952],[-80.869,28.957],[-80.863,28.957]]],[[[-80.865,28.964],[-80.861,28.963],[-80.865,28.958],[-80.873,28.959],[-80.873,28.963],[-80.865,28.964]]],[[[-80.871,28.968],[-80.867,28.964],[-80.873,28.963],[-80.874,28.971],[-80.871,28.968]]],[[[-80.866,28.972],[-80.854,28.967],[-80.851,28.958],[-80.855,28.965],[-80.857,28.955],[-80.863,28.959],[-80.859,28.962],[-80.865,28.964],[-80.866,28.972]]],[[[-80.867,28.973],[-80.868,28.967],[-80.873,28.968],[-80.872,28.974],[-80.867,28.973]]],[[[-80.888,28.974],[-80.883,28.964],[-80.881,28.97],[-80.875,28.966],[-80.878,28.959],[-80.872,28.956],[-80.876,28.955],[-80.867,28.944],[-80.881,28.956],[-80.888,28.974]]],[[[-80.88,28.977],[-80.876,28.978],[-80.878,28.972],[-80.874,28.969],[-80.887,28.975],[-80.88,28.977]]],[[[-80.894,29.004],[-80.898,28.995],[-80.898,29.003],[-80.894,29.004]]],[[[-80.901,28.994],[-80.905,29.005],[-80.901,29.003],[-80.901,28.994]]],[[[-80.906,29.016],[-80.901,29.016],[-80.898,29.004],[-80.908,29.009],[-80.906,29.016]]],[[[-80.906,29.026],[-80.901,29.021],[-80.905,29.023],[-80.909,29.013],[-80.912,29.018],[-80.909,29.01],[-80.917,29.026],[-80.906,29.033],[-80.906,29.026]]],[[[-80.925,29.057],[-80.914,29.057],[-80.91,29.048],[-80.919,29.052],[-80.908,29.046],[-80.917,29.037],[-80.912,29.043],[-80.908,29.04],[-80.911,29.042],[-80.919,29.034],[-80.908,29.04],[-80.908,29.035],[-80.92,29.028],[-80.92,29.035],[-80.923,29.031],[-80.927,29.035],[-80.918,29.037],[-80.916,29.047],[-80.928,29.054],[-80.925,29.057]]],[[[-80.917,29.059],[-80.931,29.06],[-80.926,29.065],[-80.917,29.059]]],[[[-80.911,29.072],[-80.879,29.011],[-80.733,28.791],[-80.74,28.791],[-80.739,28.797],[-80.754,28.815],[-80.767,28.813],[-80.754,28.819],[-80.756,28.822],[-80.776,28.824],[-80.769,28.837],[-80.777,28.84],[-80.77,28.84],[-80.769,28.844],[-80.778,28.847],[-80.775,28.852],[-80.779,28.861],[-80.791,28.868],[-80.796,28.882],[-80.821,28.905],[-80.818,28.915],[-80.839,28.948],[-80.85,28.957],[-80.85,28.964],[-80.85,28.96],[-80.861,28.972],[-80.872,28.974],[-80.869,28.978],[-80.875,28.973],[-80.876,28.978],[-80.885,28.979],[-80.884,28.987],[-80.866,28.979],[-80.881,28.988],[-80.877,28.992],[-80.882,28.988],[-80.88,28.983],[-80.886,28.993],[-80.89,28.986],[-80.895,28.989],[-80.892,28.999],[-80.884,28.993],[-80.888,29.0],[-80.883,29.0],[-80.899,29.007],[-80.893,29.006],[-80.898,29.012],[-80.888,29.01],[-80.892,29.015],[-80.898,29.012],[-80.906,29.019],[-80.899,29.02],[-80.906,29.025],[-80.902,29.027],[-80.904,29.046],[-80.916,29.067],[-80.919,29.065],[-80.918,29.072],[-80.911,29.072]]],[[[-80.932,29.061],[-80.943,29.076],[-80.937,29.082],[-80.929,29.066],[-80.932,29.061]]],[[[-80.953,29.083],[-80.961,29.083],[-80.955,29.088],[-80.953,29.083]]],[[[-80.946,29.089],[-80.943,29.082],[-80.943,29.088],[-80.938,29.084],[-80.943,29.079],[-80.949,29.087],[-80.949,29.091],[-80.946,29.089]]],[[[-80.953,29.104],[-80.95,29.089],[-80.967,29.088],[-80.967,29.098],[-80.959,29.098],[-80.959,29.104],[-80.961,29.1],[-80.965,29.104],[-80.961,29.113],[-80.953,29.104]]],[[[-80.966,29.121],[-80.962,29.114],[-80.965,29.109],[-80.972,29.12],[-80.966,29.121]]],[[[-80.972,29.126],[-80.969,29.123],[-80.967,29.127],[-80.965,29.121],[-80.974,29.123],[-80.976,29.129],[-80.972,29.126]]],[[[-80.961,29.13],[-80.955,29.118],[-80.965,29.128],[-80.964,29.133],[-80.961,29.13]]],[[[-80.973,29.142],[-80.967,29.127],[-80.972,29.129],[-80.971,29.137],[-80.977,29.143],[-80.973,29.142]]],[[[-80.978,29.146],[-80.984,29.144],[-80.979,29.149],[-80.978,29.146]]],[[[-81.016,29.212],[-81.012,29.21],[-81.017,29.208],[-81.016,29.212]]],[[[-81.102,29.427],[-80.973,29.16],[-80.92,29.08],[-80.926,29.07],[-80.928,29.074],[-80.923,29.077],[-80.934,29.08],[-80.937,29.09],[-80.948,29.095],[-80.948,29.107],[-80.956,29.115],[-80.952,29.117],[-80.957,29.115],[-80.952,29.118],[-80.957,29.116],[-80.953,29.119],[-80.963,29.135],[-80.966,29.133],[-80.965,29.14],[-80.974,29.148],[-81.019,29.233],[-81.022,29.232],[-81.048,29.288],[-81.051,29.287],[-81.05,29.293],[-81.084,29.371],[-81.09,29.378],[-81.095,29.377],[-81.093,29.364],[-81.099,29.367],[-81.1,29.353],[-81.09,29.348],[-81.091,29.355],[-81.085,29.354],[-81.077,29.33],[-81.053,29.287],[-81.053,29.279],[-81.035,29.25],[-81.035,29.242],[-81.022,29.227],[-81.017,29.206],[-81.012,29.208],[-81.015,29.202],[-81.009,29.203],[-81.013,29.201],[-81.006,29.197],[-81.009,29.189],[-81.007,29.185],[-81.005,29.191],[-80.995,29.161],[-80.971,29.118],[-80.968,29.086],[-80.953,29.081],[-80.949,29.07],[-80.955,29.086],[-80.951,29.087],[-80.939,29.067],[-80.94,29.06],[-80.938,29.063],[-80.928,29.056],[-80.935,29.056],[-80.917,29.048],[-80.917,29.039],[-80.927,29.034],[-80.919,29.027],[-80.918,29.017],[-80.893,28.973],[-80.87,28.942],[-80.86,28.911],[-80.836,28.867],[-80.832,28.867],[-80.827,28.849],[-80.788,28.791],[-80.838,28.791],[-80.84,28.799],[-80.846,28.8],[-80.851,28.797],[-80.85,28.791],[-80.968,28.79],[-80.964,28.613],[-80.989,28.613],[-80.988,28.624],[-80.995,28.622],[-81.007,28.636],[-81.001,28.64],[-81.007,28.662],[-81.021,28.673],[-81.017,28.693],[-81.021,28.701],[-81.035,28.709],[-81.034,28.719],[-81.039,28.722],[-81.036,28.724],[-81.06,28.747],[-81.054,28.783],[-81.068,28.804],[-81.067,28.813],[-81.075,28.819],[-81.085,28.816],[-81.092,28.825],[-81.099,28.822],[-81.104,28.828],[-81.12,28.826],[-81.127,28.821],[-81.123,28.814],[-81.131,28.806],[-81.129,28.799],[-81.14,28.797],[-81.136,28.792],[-81.156,28.792],[-81.18,28.782],[-81.181,28.797],[-81.197,28.792],[-81.214,28.804],[-81.216,28.814],[-81.225,28.821],[-81.223,28.828],[-81.227,28.833],[-81.32,28.835],[-81.342,28.847],[-81.359,28.848],[-81.355,28.859],[-81.351,28.858],[-81.352,28.863],[-81.365,28.866],[-81.36,28.871],[-81.367,28.88],[-81.363,28.879],[-81.365,28.89],[-81.357,28.887],[-81.356,28.897],[-81.353,28.896],[-81.36,28.908],[-81.358,28.917],[-81.352,28.92],[-81.355,28.931],[-81.35,28.94],[-81.355,28.94],[-81.353,28.947],[-81.359,28.944],[-81.354,28.948],[-81.359,28.956],[-81.368,28.955],[-81.371,28.959],[-81.366,28.959],[-81.37,28.968],[-81.364,28.969],[-81.356,28.988],[-81.375,28.993],[-81.372,28.998],[-81.379,29.0],[-81.381,29.008],[-81.389,29.012],[-81.388,29.017],[-81.395,29.019],[-81.394,29.024],[-81.403,29.033],[-81.409,29.031],[-81.424,29.044],[-81.432,29.044],[-81.446,29.062],[-81.455,29.062],[-81.456,29.072],[-81.461,29.075],[-81.454,29.082],[-81.458,29.094],[-81.47,29.097],[-81.489,29.093],[-81.502,29.098],[-81.504,29.123],[-81.523,29.156],[-81.523,29.168],[-81.531,29.171],[-81.532,29.177],[-81.555,29.185],[-81.56,29.2],[-81.572,29.204],[-81.589,29.199],[-81.612,29.203],[-81.617,29.21],[-81.619,29.229],[-81.634,29.244],[-81.641,29.276],[-81.652,29.297],[-81.669,29.302],[-81.681,29.323],[-81.458,29.376],[-81.44,29.385],[-81.434,29.4],[-81.425,29.397],[-81.423,29.401],[-81.417,29.261],[-81.15,29.266],[-81.156,29.411],[-81.148,29.412],[-81.149,29.417],[-81.102,29.427]]]]}},{"type":"Feature","properties":{"name":"Walton","fee_name":"Mobility Fee","fee_category":"Mobility Fee","year":2023,"schedule_url":"files/fee-schedules/Walton_County_Schedule.pdf","fdot_district":3,"layer":"county"},"geometry":{"type":"MultiPolygon","coordinates":[[[[-86.369,30.994],[-86.035,30.993],[-86.038,30.705],[-85.845,30.703],[-85.866,30.691],[-85.863,30.685],[-85.867,30.68],[-85.876,30.68],[-85.871,30.676],[-85.871,30.668],[-85.876,30.668],[-85.868,30.662],[-85.89,30.657],[-85.89,30.651],[-85.893,30.653],[-85.897,30.645],[-85.901,30.648],[-85.915,30.637],[-85.91,30.621],[-85.914,30.617],[-85.908,30.612],[-85.916,30.597],[-85.909,30.598],[-85.91,30.587],[-85.889,30.582],[-85.891,30.564],[-85.88,30.556],[-85.877,30.532],[-85.881,30.535],[-85.887,30.528],[-85.882,30.521],[-85.888,30.519],[-85.879,30.512],[-85.88,30.507],[-85.884,30.508],[-85.879,30.504],[-85.868,30.507],[-85.866,30.498],[-85.858,30.497],[-85.859,30.491],[-85.872,30.482],[-85.879,30.466],[-85.884,30.465],[-85.889,30.471],[-85.903,30.442],[-85.916,30.438],[-85.933,30.445],[-85.95,30.445],[-85.964,30.44],[-85.969,30.431],[-85.969,30.436],[-85.974,30.431],[-85.979,30.433],[-85.987,30.424],[-85.984,30.417],[-85.994,30.405],[-85.996,30.269],[-86.118,30.313],[-86.262,30.355],[-86.397,30.379],[-86.397,30.398],[-86.361,30.387],[-86.333,30.388],[-86.331,30.382],[-86.325,30.384],[-86.328,30.394],[-86.314,30.423],[-86.304,30.413],[-86.312,30.406],[-86.304,30.408],[-86.301,30.402],[-86.266,30.397],[-86.241,30.386],[-86.244,30.39],[-86.238,30.4],[-86.247,30.405],[-86.243,30.407],[-86.257,30.41],[-86.256,30.413],[-86.264,30.407],[-86.263,30.412],[-86.269,30.416],[-86.263,30.425],[-86.25,30.429],[-86.227,30.42],[-86.202,30.398],[-86.176,30.388],[-86.169,30.398],[-86.174,30.388],[-86.16,30.38],[-86.123,30.379],[-86.119,30.373],[-86.11,30.371],[-86.112,30.378],[-86.114,30.373],[-86.119,30.379],[-86.103,30.39],[-86.113,30.393],[-86.112,30.397],[-86.123,30.397],[-86.123,30.407],[-86.113,30.413],[-86.124,30.408],[-86.123,30.419],[-86.132,30.417],[-86.128,30.421],[-86.138,30.421],[-86.122,30.425],[-86.121,30.43],[-86.154,30.431],[-86.163,30.412],[-86.155,30.431],[-86.161,30.456],[-86.189,30.455],[-86.212,30.481],[-86.234,30.474],[-86.257,30.487],[-86.298,30.473],[-86.303,30.479],[-86.298,30.473],[-86.301,30.472],[-86.327,30.478],[-86.395,30.454],[-86.389,30.994],[-86.369,30.994]]]]}},{"type":"Feature","properties":{"name":"Manatee","fee_name":"Alternative Transportation System Impact Fee","fee_category":"Impact Fee","year":2025,"schedule_url":"files/fee-schedules/Manatee_County_Schedule.pdf","fdot_district":1,"layer":"county"},"geometry":{"type":"MultiPolygon","coordinates":[[[[-82.688,27.441],[-82.679,27.439],[-82.676,27.43],[-82.67,27.432],[-82.666,27.426],[-82.669,27.425],[-82.662,27.424],[-82.662,27.42],[-82.658,27.421],[-82.661,27.425],[-82.653,27.419],[-82.653,27.41],[-82.639,27.39],[-82.69,27.437],[-82.688,27.441]]],[[[-82.711,27.525],[-82.706,27.522],[-82.708,27.516],[-82.712,27.518],[-82.708,27.521],[-82.713,27.52],[-82.711,27.524],[-82.714,27.521],[-82.718,27.525],[-82.711,27.525]]],[[[-82.727,27.531],[-82.718,27.526],[-82.729,27.531],[-82.729,27.523],[-82.725,27.527],[-82.721,27.524],[-82.723,27.52],[-82.718,27.522],[-82.722,27.519],[-82.717,27.522],[-82.721,27.519],[-82.717,27.522],[-82.719,27.519],[-82.713,27.519],[-82.717,27.516],[-82.712,27.518],[-82.717,27.514],[-82.711,27.517],[-82.716,27.513],[-82.708,27.514],[-82.712,27.51],[-82.71,27.5],[-82.698,27.497],[-82.704,27.496],[-82.686,27.445],[-82.69,27.444],[-82.714,27.502],[-82.745,27.537],[-82.74,27.539],[-82.727,27.531]]],[[[-82.604,27.544],[-82.61,27.537],[-82.611,27.541],[-82.617,27.54],[-82.604,27.544]]],[[[-82.589,27.593],[-82.594,27.593],[-82.595,27.588],[-82.596,27.592],[-82.601,27.59],[-82.589,27.593]]],[[[-82.053,27.646],[-82.055,27.208],[-82.252,27.209],[-82.251,27.386],[-82.565,27.389],[-82.578,27.411],[-82.573,27.415],[-82.581,27.412],[-82.578,27.416],[-82.601,27.426],[-82.618,27.427],[-82.639,27.443],[-82.646,27.443],[-82.646,27.447],[-82.65,27.443],[-82.662,27.445],[-82.665,27.451],[-82.655,27.448],[-82.651,27.452],[-82.686,27.466],[-82.691,27.474],[-82.689,27.478],[-82.677,27.477],[-82.658,27.469],[-82.656,27.464],[-82.643,27.469],[-82.638,27.474],[-82.643,27.48],[-82.643,27.495],[-82.651,27.496],[-82.643,27.496],[-82.641,27.503],[-82.656,27.502],[-82.659,27.497],[-82.652,27.496],[-82.658,27.496],[-82.662,27.488],[-82.669,27.495],[-82.666,27.491],[-82.669,27.485],[-82.685,27.485],[-82.678,27.492],[-82.681,27.496],[-82.686,27.489],[-82.689,27.496],[-82.684,27.499],[-82.683,27.512],[-82.666,27.497],[-82.675,27.516],[-82.681,27.514],[-82.674,27.519],[-82.646,27.522],[-82.645,27.533],[-82.634,27.535],[-82.633,27.539],[-82.613,27.537],[-82.611,27.53],[-82.612,27.536],[-82.605,27.54],[-82.61,27.53],[-82.603,27.526],[-82.606,27.524],[-82.598,27.525],[-82.599,27.531],[-82.596,27.529],[-82.585,27.544],[-82.577,27.55],[-82.571,27.548],[-82.574,27.56],[-82.572,27.556],[-82.573,27.561],[-82.57,27.558],[-82.566,27.563],[-82.568,27.559],[-82.564,27.564],[-82.567,27.568],[-82.556,27.573],[-82.555,27.579],[-82.564,27.578],[-82.571,27.571],[-82.567,27.568],[-82.579,27.57],[-82.588,27.56],[-82.611,27.554],[-82.611,27.55],[-82.631,27.551],[-82.61,27.574],[-82.608,27.565],[-82.612,27.568],[-82.614,27.563],[-82.605,27.561],[-82.603,27.556],[-82.603,27.562],[-82.597,27.561],[-82.593,27.571],[-82.584,27.572],[-82.594,27.574],[-82.593,27.58],[-82.604,27.576],[-82.601,27.582],[-82.618,27.587],[-82.594,27.584],[-82.582,27.591],[-82.575,27.581],[-82.581,27.595],[-82.575,27.599],[-82.578,27.596],[-82.57,27.59],[-82.57,27.594],[-82.575,27.603],[-82.578,27.601],[-82.576,27.606],[-82.567,27.607],[-82.553,27.597],[-82.555,27.603],[-82.546,27.603],[-82.55,27.61],[-82.558,27.609],[-82.555,27.615],[-82.559,27.614],[-82.559,27.619],[-82.559,27.612],[-82.569,27.609],[-82.562,27.621],[-82.562,27.632],[-82.557,27.633],[-82.561,27.638],[-82.552,27.645],[-82.053,27.646]]]]}},{"type":"Feature","properties":{"name":"Marion","fee_name":"Transportation Impact Fee","fee_category":"Impact Fee","year":2026,"schedule_url":"files/fee-schedules/Marion_County_Schedule.pdf","fdot_district":5,"layer":"county"},"geometry":{"type":"Polygon","coordinates":[[[-81.843,29.52],[-81.843,29.487],[-81.776,29.487],[-81.775,29.429],[-81.742,29.43],[-81.741,29.371],[-81.669,29.372],[-81.661,29.36],[-81.661,29.343],[-81.656,29.338],[-81.675,29.339],[-81.681,29.323],[-81.672,29.305],[-81.655,29.3],[-81.642,29.278],[-81.639,29.055],[-81.639,29.048],[-81.659,29.048],[-81.659,28.96],[-82.312,28.96],[-82.316,28.973],[-82.341,28.988],[-82.361,28.993],[-82.366,29.003],[-82.378,29.001],[-82.378,29.005],[-82.397,29.011],[-82.395,29.014],[-82.401,29.015],[-82.401,29.019],[-82.419,29.013],[-82.442,29.036],[-82.453,29.039],[-82.459,29.048],[-82.471,29.047],[-82.472,29.053],[-82.488,29.052],[-82.487,29.048],[-82.508,29.037],[-82.517,29.044],[-82.52,29.04],[-82.53,29.044],[-82.535,29.041],[-82.536,29.215],[-82.403,29.216],[-82.407,29.485],[-82.211,29.484],[-82.215,29.477],[-82.208,29.467],[-82.203,29.472],[-82.188,29.461],[-82.188,29.455],[-82.194,29.453],[-82.199,29.458],[-82.193,29.461],[-82.203,29.46],[-82.213,29.466],[-82.218,29.457],[-82.212,29.45],[-82.213,29.432],[-82.199,29.422],[-82.176,29.421],[-82.168,29.427],[-82.155,29.422],[-82.156,29.426],[-82.153,29.423],[-82.151,29.427],[-82.147,29.417],[-82.14,29.42],[-82.145,29.424],[-82.136,29.435],[-82.118,29.429],[-82.101,29.438],[-82.096,29.43],[-82.1,29.421],[-82.097,29.419],[-82.096,29.429],[-82.09,29.431],[-82.086,29.427],[-82.088,29.436],[-82.081,29.44],[-82.07,29.434],[-82.072,29.443],[-82.056,29.441],[-82.055,29.456],[-82.049,29.458],[-82.054,29.47],[-82.043,29.475],[-82.027,29.495],[-82.004,29.502],[-81.968,29.503],[-81.933,29.516],[-81.919,29.512],[-81.912,29.504],[-81.902,29.516],[-81.887,29.509],[-81.886,29.513],[-81.843,29.52]]]}},{"type":"Feature","properties":{"name":"Miami-Dade","fee_name":"Mobility Impact Fee","fee_category":"Mobility Fee","year":2026,"schedule_url":"files/fee-schedules/Miami_Dade_County_Schedule.pdf","fdot_district":6,"layer":"county"},"geometry":{"type":"MultiPolygon","coordinates":[[[[-80.395,25.28],[-80.398,25.275],[-80.401,25.278],[-80.395,25.28]]],[[[-80.346,25.328],[-80.342,25.323],[-80.349,25.325],[-80.346,25.328]]],[[[-80.254,25.353],[-80.242,25.349],[-80.248,25.345],[-80.259,25.354],[-80.254,25.353]]],[[[-80.293,25.379],[-80.304,25.379],[-80.295,25.385],[-80.293,25.379]]],[[[-80.231,25.386],[-80.229,25.382],[-80.241,25.356],[-80.239,25.35],[-80.259,25.359],[-80.254,25.368],[-80.249,25.367],[-80.249,25.362],[-80.243,25.363],[-80.238,25.373],[-80.239,25.386],[-80.231,25.386]]],[[[-80.245,25.388],[-80.241,25.382],[-80.253,25.369],[-80.256,25.38],[-80.245,25.388]]],[[[-80.234,25.39],[-80.239,25.387],[-80.238,25.392],[-80.234,25.39]]],[[[-80.24,25.398],[-80.246,25.393],[-80.246,25.398],[-80.24,25.398]]],[[[-80.23,25.399],[-80.236,25.4],[-80.229,25.403],[-80.23,25.399]]],[[[-80.178,25.483],[-80.204,25.427],[-80.203,25.415],[-80.228,25.391],[-80.229,25.399],[-80.208,25.416],[-80.212,25.428],[-80.203,25.436],[-80.187,25.483],[-80.178,25.494],[-80.178,25.483]]],[[[-80.178,25.506],[-80.178,25.495],[-80.189,25.496],[-80.189,25.506],[-80.18,25.507],[-80.178,25.518],[-80.178,25.506]]],[[[-80.148,25.727],[-80.157,25.699],[-80.153,25.671],[-80.158,25.665],[-80.161,25.676],[-80.17,25.681],[-80.159,25.683],[-80.179,25.686],[-80.171,25.685],[-80.176,25.69],[-80.167,25.701],[-80.176,25.71],[-80.161,25.711],[-80.164,25.716],[-80.155,25.723],[-80.159,25.726],[-80.148,25.727]]],[[[-80.145,25.748],[-80.144,25.751],[-80.142,25.747],[-80.148,25.739],[-80.164,25.731],[-80.179,25.746],[-80.174,25.745],[-80.176,25.748],[-80.163,25.739],[-80.173,25.751],[-80.158,25.741],[-80.159,25.747],[-80.149,25.758],[-80.145,25.748]]],[[[-80.138,25.764],[-80.134,25.762],[-80.14,25.756],[-80.149,25.763],[-80.138,25.764]]],[[[-80.153,25.766],[-80.16,25.767],[-80.16,25.771],[-80.15,25.768],[-80.153,25.766]]],[[[-80.164,25.768],[-80.179,25.774],[-80.18,25.781],[-80.161,25.773],[-80.164,25.768]]],[[[-80.154,25.774],[-80.178,25.783],[-80.18,25.788],[-80.154,25.774]]],[[[-80.136,25.81],[-80.147,25.811],[-80.134,25.826],[-80.13,25.823],[-80.136,25.81]]],[[[-80.126,25.825],[-80.134,25.827],[-80.13,25.832],[-80.133,25.842],[-80.128,25.846],[-80.123,25.839],[-80.126,25.825]]],[[[-80.154,25.85],[-80.146,25.849],[-80.145,25.844],[-80.155,25.844],[-80.154,25.85]]],[[[-80.129,25.846],[-80.133,25.848],[-80.127,25.85],[-80.129,25.846]]],[[[-80.157,25.855],[-80.16,25.844],[-80.161,25.855],[-80.159,25.85],[-80.157,25.855]]],[[[-80.126,25.853],[-80.137,25.849],[-80.145,25.853],[-80.133,25.857],[-80.126,25.853]]],[[[-80.132,25.861],[-80.129,25.858],[-80.146,25.855],[-80.143,25.86],[-80.132,25.861]]],[[[-80.125,25.869],[-80.129,25.86],[-80.129,25.868],[-80.138,25.868],[-80.125,25.869]]],[[[-80.139,25.884],[-80.131,25.881],[-80.137,25.872],[-80.143,25.875],[-80.139,25.884]]],[[[-80.135,25.884],[-80.139,25.886],[-80.136,25.893],[-80.135,25.884]]],[[[-80.13,25.881],[-80.134,25.883],[-80.134,25.894],[-80.129,25.889],[-80.13,25.881]]],[[[-80.122,25.897],[-80.12,25.827],[-80.132,25.765],[-80.138,25.768],[-80.146,25.788],[-80.141,25.806],[-80.134,25.809],[-80.129,25.823],[-80.123,25.826],[-80.125,25.808],[-80.122,25.849],[-80.129,25.86],[-80.124,25.872],[-80.131,25.876],[-80.127,25.883],[-80.13,25.896],[-80.123,25.9],[-80.122,25.897]]],[[[-80.125,25.959],[-80.127,25.952],[-80.132,25.952],[-80.125,25.959]]],[[[-80.134,25.975],[-80.124,25.974],[-80.124,25.97],[-80.13,25.972],[-80.124,25.968],[-80.134,25.968],[-80.124,25.967],[-80.125,25.961],[-80.133,25.951],[-80.141,25.95],[-80.135,25.949],[-80.143,25.948],[-80.136,25.948],[-80.133,25.939],[-80.139,25.938],[-80.138,25.944],[-80.14,25.941],[-80.144,25.945],[-80.141,25.939],[-80.147,25.94],[-80.15,25.93],[-80.14,25.927],[-80.136,25.93],[-80.143,25.928],[-80.137,25.93],[-80.142,25.931],[-80.138,25.933],[-80.14,25.938],[-80.132,25.938],[-80.137,25.934],[-80.131,25.934],[-80.137,25.933],[-80.131,25.933],[-80.136,25.932],[-80.131,25.932],[-80.128,25.914],[-80.131,25.906],[-80.134,25.916],[-80.138,25.913],[-80.135,25.905],[-80.149,25.895],[-80.153,25.886],[-80.157,25.888],[-80.156,25.883],[-80.159,25.886],[-80.159,25.881],[-80.165,25.882],[-80.165,25.87],[-80.171,25.868],[-80.172,25.848],[-80.181,25.834],[-80.178,25.822],[-80.182,25.817],[-80.185,25.821],[-80.188,25.785],[-80.185,25.784],[-80.189,25.782],[-80.184,25.777],[-80.189,25.758],[-80.214,25.739],[-80.233,25.732],[-80.233,25.727],[-80.239,25.727],[-80.249,25.713],[-80.246,25.704],[-80.255,25.705],[-80.245,25.702],[-80.252,25.687],[-80.267,25.689],[-80.263,25.688],[-80.265,25.685],[-80.259,25.687],[-80.256,25.678],[-80.262,25.681],[-80.259,25.677],[-80.268,25.659],[-80.271,25.64],[-80.276,25.639],[-80.281,25.628],[-80.287,25.641],[-80.291,25.635],[-80.286,25.639],[-80.287,25.633],[-80.292,25.631],[-80.288,25.63],[-80.299,25.627],[-80.298,25.62],[-80.306,25.616],[-80.31,25.597],[-80.303,25.569],[-80.312,25.547],[-80.316,25.55],[-80.317,25.546],[-80.312,25.545],[-80.314,25.537],[-80.317,25.536],[-80.317,25.541],[-80.328,25.534],[-80.336,25.511],[-80.333,25.504],[-80.336,25.507],[-80.341,25.499],[-80.337,25.494],[-80.341,25.491],[-80.341,25.472],[-80.334,25.465],[-80.337,25.456],[-80.33,25.451],[-80.327,25.439],[-80.33,25.436],[-80.317,25.439],[-80.329,25.429],[-80.325,25.41],[-80.33,25.399],[-80.317,25.389],[-80.316,25.381],[-80.312,25.38],[-80.307,25.389],[-80.311,25.37],[-80.327,25.356],[-80.342,25.331],[-80.363,25.329],[-80.372,25.322],[-80.371,25.317],[-80.375,25.318],[-80.373,25.31],[-80.381,25.313],[-80.38,25.301],[-80.386,25.299],[-80.379,25.291],[-80.386,25.291],[-80.388,25.299],[-80.389,25.294],[-80.392,25.296],[-80.39,25.292],[-80.398,25.293],[-80.393,25.288],[-80.4,25.291],[-80.399,25.285],[-80.405,25.286],[-80.407,25.279],[-80.399,25.275],[-80.4,25.262],[-80.403,25.268],[-80.41,25.267],[-80.402,25.272],[-80.411,25.278],[-80.405,25.271],[-80.415,25.276],[-80.411,25.267],[-80.42,25.262],[-80.414,25.269],[-80.419,25.272],[-80.416,25.267],[-80.42,25.265],[-80.424,25.271],[-80.423,25.258],[-80.428,25.265],[-80.43,25.256],[-80.425,25.255],[-80.432,25.242],[-80.423,25.241],[-80.424,25.236],[-80.436,25.236],[-80.435,25.241],[-80.44,25.239],[-80.439,25.243],[-80.445,25.244],[-80.444,25.24],[-80.457,25.239],[-80.456,25.235],[-80.467,25.235],[-80.482,25.225],[-80.487,25.229],[-80.494,25.227],[-80.495,25.216],[-80.487,25.212],[-80.487,25.207],[-80.495,25.206],[-80.501,25.211],[-80.495,25.199],[-80.508,25.206],[-80.511,25.217],[-80.522,25.222],[-80.529,25.213],[-80.54,25.213],[-80.536,25.199],[-80.541,25.206],[-80.548,25.206],[-80.549,25.214],[-80.562,25.212],[-80.559,25.199],[-80.563,25.203],[-80.57,25.198],[-80.565,25.193],[-80.577,25.201],[-80.576,25.204],[-80.571,25.198],[-80.564,25.205],[-80.565,25.21],[-80.58,25.212],[-80.583,25.201],[-80.591,25.2],[-80.594,25.191],[-80.607,25.186],[-80.614,25.176],[-80.625,25.183],[-80.611,25.182],[-80.603,25.191],[-80.605,25.203],[-80.647,25.189],[-80.651,25.193],[-80.664,25.177],[-80.634,25.176],[-80.646,25.174],[-80.651,25.157],[-80.656,25.155],[-80.653,25.146],[-80.674,25.138],[-80.675,25.142],[-80.653,25.162],[-80.657,25.169],[-80.67,25.167],[-80.672,25.175],[-80.672,25.167],[-80.678,25.164],[-80.68,25.175],[-80.699,25.162],[-80.698,25.154],[-80.705,25.151],[-80.704,25.14],[-80.718,25.156],[-80.727,25.153],[-80.723,25.162],[-80.732,25.167],[-80.73,25.16],[-80.738,25.159],[-80.747,25.165],[-80.747,25.159],[-80.743,25.153],[-80.731,25.153],[-80.722,25.145],[-80.744,25.143],[-80.755,25.151],[-80.756,25.16],[-80.768,25.162],[-80.772,25.16],[-80.771,25.14],[-80.777,25.137],[-80.773,25.153],[-80.78,25.165],[-80.794,25.164],[-80.801,25.144],[-80.803,25.153],[-80.794,25.176],[-80.799,25.182],[-80.815,25.183],[-80.81,25.168],[-80.827,25.16],[-80.834,25.173],[-80.858,25.177],[-80.862,25.364],[-80.873,25.364],[-80.873,25.979],[-80.68,25.979],[-80.68,25.957],[-80.295,25.957],[-80.295,25.971],[-80.134,25.975]]],[[[-80.12,25.941],[-80.125,25.901],[-80.124,25.918],[-80.129,25.923],[-80.123,25.924],[-80.129,25.924],[-80.123,25.925],[-80.123,25.929],[-80.13,25.929],[-80.127,25.936],[-80.131,25.938],[-80.123,25.946],[-80.126,25.95],[-80.122,25.975],[-80.118,25.975],[-80.12,25.941]]]]}},{"type":"Feature","properties":{"name":"Nassau","fee_name":"Mobility Fee","fee_category":"Mobility Fee","year":2024,"schedule_url":"files/fee-schedules/Nassau_County_Schedule.pdf","fdot_district":2,"layer":"county"},"geometry":{"type":"Polygon","coordinates":[[[-81.939,30.83],[-81.929,30.817],[-81.909,30.815],[-81.904,30.82],[-81.907,30.827],[-81.893,30.825],[-81.883,30.8],[-81.872,30.798],[-81.869,30.793],[-81.84,30.792],[-81.84,30.786],[-81.807,30.79],[-81.798,30.781],[-81.793,30.787],[-81.782,30.761],[-81.772,30.763],[-81.77,30.777],[-81.761,30.775],[-81.757,30.769],[-81.741,30.765],[-81.743,30.759],[-81.721,30.744],[-81.694,30.748],[-81.688,30.741],[-81.671,30.739],[-81.67,30.747],[-81.683,30.748],[-81.662,30.754],[-81.664,30.743],[-81.652,30.742],[-81.653,30.729],[-81.644,30.728],[-81.637,30.734],[-81.63,30.728],[-81.629,30.735],[-81.624,30.736],[-81.623,30.722],[-81.617,30.723],[-81.611,30.716],[-81.606,30.719],[-81.606,30.728],[-81.599,30.729],[-81.595,30.718],[-81.588,30.723],[-81.575,30.723],[-81.564,30.718],[-81.564,30.712],[-81.548,30.718],[-81.543,30.71],[-81.535,30.709],[-81.533,30.724],[-81.487,30.726],[-81.494,30.72],[-81.487,30.717],[-81.479,30.701],[-81.463,30.689],[-81.458,30.7],[-81.456,30.694],[-81.438,30.687],[-81.437,30.668],[-81.433,30.668],[-81.433,30.676],[-81.438,30.693],[-81.431,30.696],[-81.429,30.677],[-81.444,30.584],[-81.434,30.507],[-81.442,30.509],[-81.456,30.525],[-81.48,30.535],[-81.5,30.564],[-81.514,30.567],[-81.524,30.556],[-81.521,30.544],[-81.525,30.534],[-81.543,30.524],[-81.555,30.545],[-81.568,30.537],[-81.585,30.544],[-81.589,30.55],[-81.583,30.565],[-81.588,30.567],[-81.609,30.553],[-81.614,30.563],[-81.602,30.567],[-81.611,30.576],[-81.606,30.586],[-81.616,30.58],[-81.625,30.586],[-81.638,30.578],[-81.644,30.58],[-81.646,30.575],[-81.65,30.577],[-81.66,30.566],[-81.664,30.558],[-81.659,30.553],[-81.664,30.551],[-81.673,30.557],[-81.668,30.557],[-81.668,30.561],[-81.673,30.56],[-81.67,30.563],[-81.675,30.566],[-81.678,30.562],[-81.684,30.566],[-81.696,30.564],[-81.699,30.57],[-81.705,30.564],[-81.704,30.567],[-81.723,30.571],[-81.73,30.564],[-81.727,30.559],[-81.73,30.563],[-81.731,30.557],[-81.737,30.557],[-81.734,30.552],[-81.738,30.549],[-81.734,30.547],[-81.738,30.547],[-81.736,30.542],[-81.741,30.533],[-81.765,30.534],[-81.769,30.51],[-81.781,30.504],[-81.795,30.505],[-81.81,30.485],[-82.049,30.273],[-82.05,30.362],[-82.037,30.372],[-82.036,30.385],[-82.045,30.404],[-82.041,30.406],[-82.044,30.408],[-82.041,30.416],[-82.044,30.415],[-82.034,30.42],[-82.033,30.428],[-82.04,30.437],[-82.028,30.448],[-82.028,30.456],[-82.022,30.461],[-82.024,30.467],[-82.017,30.475],[-82.015,30.52],[-82.019,30.519],[-82.016,30.521],[-82.019,30.524],[-82.015,30.529],[-82.019,30.533],[-82.01,30.55],[-82.011,30.56],[-82.005,30.563],[-82.012,30.594],[-82.016,30.602],[-82.027,30.606],[-82.029,30.623],[-82.032,30.62],[-82.034,30.63],[-82.041,30.636],[-82.04,30.645],[-82.05,30.659],[-82.047,30.661],[-82.05,30.677],[-82.046,30.681],[-82.049,30.683],[-82.044,30.684],[-82.043,30.701],[-82.036,30.707],[-82.039,30.723],[-82.046,30.728],[-82.039,30.736],[-82.038,30.754],[-82.027,30.751],[-82.012,30.762],[-82.023,30.788],[-82.008,30.793],[-81.978,30.776],[-81.963,30.796],[-81.965,30.807],[-81.961,30.814],[-81.965,30.817],[-81.95,30.827],[-81.942,30.825],[-81.939,30.83]]]}},{"type":"Feature","properties":{"name":"Okaloosa","fee_name":"Mobility Fee","fee_category":"Mobility Fee","year":2024,"schedule_url":"files/fee-schedules/Okaloosa_County_Schedule.pdf","fdot_district":3,"layer":"county"},"geometry":{"type":"MultiPolygon","coordinates":[[[[-86.655,30.403],[-86.65,30.399],[-86.595,30.401],[-86.578,30.396],[-86.535,30.395],[-86.517,30.392],[-86.516,30.387],[-86.645,30.397],[-86.8,30.387],[-86.798,30.394],[-86.762,30.395],[-86.756,30.4],[-86.655,30.403]]],[[[-86.483,30.415],[-86.452,30.406],[-86.456,30.403],[-86.45,30.403],[-86.447,30.397],[-86.45,30.405],[-86.44,30.408],[-86.439,30.404],[-86.439,30.41],[-86.43,30.404],[-86.397,30.398],[-86.397,30.379],[-86.471,30.384],[-86.508,30.381],[-86.507,30.387],[-86.514,30.394],[-86.505,30.388],[-86.484,30.386],[-86.516,30.397],[-86.503,30.408],[-86.5,30.406],[-86.503,30.408],[-86.497,30.414],[-86.488,30.418],[-86.483,30.415]]],[[[-86.75,30.996],[-86.389,30.994],[-86.393,30.497],[-86.394,30.455],[-86.398,30.452],[-86.407,30.457],[-86.421,30.451],[-86.445,30.486],[-86.46,30.486],[-86.478,30.482],[-86.486,30.475],[-86.479,30.478],[-86.481,30.472],[-86.493,30.461],[-86.538,30.454],[-86.559,30.429],[-86.581,30.437],[-86.587,30.433],[-86.584,30.436],[-86.591,30.442],[-86.604,30.426],[-86.616,30.436],[-86.616,30.43],[-86.627,30.436],[-86.63,30.431],[-86.638,30.433],[-86.636,30.429],[-86.612,30.429],[-86.613,30.424],[-86.605,30.423],[-86.591,30.428],[-86.587,30.406],[-86.601,30.401],[-86.684,30.41],[-86.696,30.406],[-86.719,30.411],[-86.753,30.403],[-86.77,30.41],[-86.78,30.41],[-86.79,30.402],[-86.799,30.406],[-86.786,30.997],[-86.75,30.996]]]]}},{"type":"Feature","properties":{"name":"Orange","fee_name":"Transportation Impact Fee","fee_category":"Impact Fee","year":2026,"schedule_url":"https://www.orangecountyfl.net/PermitsLicenses/Permits/ImpactFeesAtAGlance.aspx#trans","fdot_district":5,"layer":"county"},"geometry":{"type":"Polygon","coordinates":[[[-81.415,28.786],[-81.415,28.755],[-81.421,28.74],[-81.441,28.715],[-81.459,28.713],[-81.459,28.64],[-81.328,28.64],[-81.328,28.61],[-80.984,28.613],[-80.976,28.608],[-80.971,28.612],[-80.967,28.605],[-80.96,28.606],[-80.958,28.602],[-80.952,28.605],[-80.953,28.6],[-80.943,28.593],[-80.946,28.583],[-80.93,28.564],[-80.934,28.56],[-80.932,28.543],[-80.939,28.542],[-80.94,28.536],[-80.923,28.533],[-80.918,28.523],[-80.911,28.525],[-80.904,28.51],[-80.886,28.51],[-80.88,28.5],[-80.884,28.495],[-80.873,28.482],[-80.871,28.471],[-80.895,28.467],[-80.894,28.458],[-80.898,28.455],[-80.89,28.446],[-80.901,28.432],[-80.897,28.419],[-80.888,28.416],[-80.883,28.408],[-80.889,28.386],[-80.88,28.381],[-80.882,28.375],[-80.874,28.372],[-80.873,28.359],[-80.863,28.347],[-81.657,28.347],[-81.657,28.569],[-81.648,28.585],[-81.657,28.593],[-81.659,28.767],[-81.646,28.77],[-81.647,28.786],[-81.415,28.786]]]}},{"type":"Feature","properties":{"name":"Osceola","fee_name":"Mobility Fee","fee_category":"Mobility Fee","year":2025,"schedule_url":"files/fee-schedules/Osceola_County_Schedule.pdf","fdot_district":5,"layer":"county"},"geometry":{"type":"Polygon","coordinates":[[[-80.872,28.348],[-80.863,28.347],[-80.861,28.252],[-80.863,28.085],[-80.869,28.085],[-80.869,27.823],[-80.882,27.823],[-80.88,27.734],[-80.874,27.734],[-80.873,27.642],[-81.142,27.643],[-81.132,27.648],[-81.131,27.659],[-81.145,27.672],[-81.15,27.699],[-81.146,27.71],[-81.151,27.718],[-81.159,27.718],[-81.161,27.724],[-81.169,27.726],[-81.165,27.742],[-81.172,27.743],[-81.171,27.747],[-81.179,27.752],[-81.174,27.764],[-81.182,27.775],[-81.188,27.775],[-81.186,27.779],[-81.2,27.797],[-81.214,27.829],[-81.238,27.846],[-81.247,27.849],[-81.249,27.844],[-81.253,27.848],[-81.261,27.845],[-81.286,27.851],[-81.281,27.858],[-81.303,27.86],[-81.302,27.868],[-81.297,27.864],[-81.315,27.899],[-81.312,27.921],[-81.347,27.937],[-81.345,27.942],[-81.338,27.939],[-81.337,27.951],[-81.35,27.954],[-81.35,27.964],[-81.382,27.984],[-81.378,27.989],[-81.387,28.004],[-81.416,27.998],[-81.439,28.033],[-81.449,28.032],[-81.459,28.039],[-81.459,28.053],[-81.441,28.059],[-81.428,28.039],[-81.394,28.028],[-81.393,28.02],[-81.378,28.012],[-81.38,28.022],[-81.362,28.041],[-81.366,28.067],[-81.346,28.069],[-81.349,28.081],[-81.346,28.085],[-81.455,28.085],[-81.456,28.143],[-81.525,28.143],[-81.524,28.201],[-81.557,28.259],[-81.657,28.259],[-81.657,28.347],[-80.872,28.348]]]}},{"type":"Feature","properties":{"name":"Palm Beach","fee_name":"Road Impact Fee","fee_category":"Impact Fee","year":2026,"schedule_url":"https://discover.pbc.gov/pzb/administration/ImpactFees/Fee-Schedules-2026.aspx","fdot_district":4,"layer":"county"},"geometry":{"type":"MultiPolygon","coordinates":[[[[-80.075,26.321],[-80.08,26.321],[-80.075,26.341],[-80.075,26.321]]],[[[-80.043,26.569],[-80.046,26.557],[-80.045,26.579],[-80.04,26.595],[-80.043,26.569]]],[[[-80.041,26.676],[-80.044,26.671],[-80.045,26.676],[-80.041,26.676]]],[[[-80.033,26.702],[-80.038,26.571],[-80.042,26.546],[-80.047,26.546],[-80.043,26.55],[-80.038,26.606],[-80.042,26.642],[-80.038,26.648],[-80.037,26.69],[-80.044,26.701],[-80.042,26.77],[-80.035,26.771],[-80.033,26.702]]],[[[-80.046,26.77],[-80.049,26.774],[-80.044,26.777],[-80.046,26.77]]],[[[-80.08,26.971],[-80.049,26.87],[-80.031,26.792],[-80.032,26.774],[-80.039,26.773],[-80.037,26.787],[-80.045,26.794],[-80.035,26.797],[-80.037,26.815],[-80.043,26.816],[-80.045,26.812],[-80.049,26.818],[-80.047,26.821],[-80.045,26.815],[-80.038,26.816],[-80.039,26.825],[-80.045,26.835],[-80.041,26.828],[-80.043,26.82],[-80.05,26.839],[-80.057,26.843],[-80.054,26.855],[-80.059,26.841],[-80.053,26.831],[-80.056,26.824],[-80.048,26.784],[-80.052,26.778],[-80.052,26.751],[-80.048,26.744],[-80.05,26.689],[-80.045,26.647],[-80.05,26.586],[-80.046,26.584],[-80.05,26.583],[-80.052,26.539],[-80.056,26.539],[-80.052,26.539],[-80.065,26.456],[-80.065,26.422],[-80.072,26.421],[-80.066,26.42],[-80.071,26.386],[-80.064,26.421],[-80.061,26.482],[-80.054,26.524],[-80.051,26.523],[-80.054,26.525],[-80.049,26.543],[-80.043,26.543],[-80.062,26.431],[-80.07,26.336],[-80.075,26.353],[-80.071,26.362],[-80.074,26.374],[-80.072,26.364],[-80.081,26.321],[-80.088,26.321],[-80.091,26.326],[-80.099,26.323],[-80.1,26.328],[-80.204,26.328],[-80.297,26.356],[-80.297,26.334],[-80.882,26.334],[-80.885,26.959],[-80.142,26.957],[-80.142,26.971],[-80.08,26.971]]]]}},{"type":"Feature","properties":{"name":"Pasco","fee_name":"Mobility Fee","fee_category":"Mobility Fee","year":2025,"schedule_url":"files/fee-schedules/Pasco_County_Schedule.pdf","fdot_district":7,"layer":"county"},"geometry":{"type":"MultiPolygon","coordinates":[[[[-82.715,28.341],[-82.715,28.348],[-82.724,28.348],[-82.71,28.351],[-82.718,28.353],[-82.718,28.361],[-82.713,28.359],[-82.703,28.369],[-82.709,28.371],[-82.699,28.375],[-82.707,28.377],[-82.704,28.392],[-82.708,28.395],[-82.7,28.405],[-82.687,28.406],[-82.682,28.411],[-82.687,28.413],[-82.676,28.413],[-82.678,28.417],[-82.686,28.414],[-82.698,28.42],[-82.685,28.421],[-82.684,28.428],[-82.679,28.427],[-82.676,28.434],[-82.675,28.431],[-82.253,28.435],[-82.253,28.479],[-82.055,28.478],[-82.056,28.259],[-82.106,28.259],[-82.106,28.172],[-82.8,28.172],[-82.799,28.186],[-82.786,28.194],[-82.783,28.207],[-82.77,28.208],[-82.762,28.219],[-82.765,28.22],[-82.757,28.226],[-82.755,28.218],[-82.754,28.227],[-82.748,28.227],[-82.763,28.23],[-82.762,28.235],[-82.765,28.231],[-82.764,28.243],[-82.748,28.24],[-82.754,28.241],[-82.747,28.246],[-82.748,28.254],[-82.754,28.251],[-82.759,28.254],[-82.756,28.256],[-82.734,28.255],[-82.746,28.261],[-82.744,28.274],[-82.724,28.275],[-82.732,28.278],[-82.733,28.273],[-82.743,28.279],[-82.74,28.283],[-82.732,28.281],[-82.733,28.287],[-82.721,28.29],[-82.733,28.292],[-82.735,28.299],[-82.731,28.295],[-82.729,28.3],[-82.733,28.299],[-82.736,28.306],[-82.728,28.304],[-82.735,28.308],[-82.724,28.315],[-82.734,28.315],[-82.732,28.325],[-82.72,28.339],[-82.714,28.331],[-82.719,28.342],[-82.709,28.338],[-82.715,28.341]]],[[[-82.849,28.21],[-82.85,28.189],[-82.845,28.172],[-82.85,28.18],[-82.849,28.21]]],[[[-82.844,28.188],[-82.848,28.192],[-82.846,28.199],[-82.844,28.188]]],[[[-82.692,28.417],[-82.689,28.414],[-82.693,28.416],[-82.692,28.411],[-82.7,28.412],[-82.692,28.417]]],[[[-82.704,28.403],[-82.702,28.4],[-82.707,28.402],[-82.704,28.403]]]]}},{"type":"Feature","properties":{"name":"Pinellas","fee_name":"Multimodal Impact Fee","fee_category":"Impact Fee","year":2025,"schedule_url":"files/fee-schedules/Pinnellas_County_Schedule.pdf","fdot_district":7,"layer":"county"},"geometry":{"type":"MultiPolygon","coordinates":[[[[-82.827,27.912],[-82.824,27.917],[-82.829,27.917],[-82.823,27.918],[-82.822,27.923],[-82.827,27.923],[-82.813,27.938],[-82.803,27.963],[-82.806,27.964],[-82.799,27.989],[-82.796,27.988],[-82.792,28.027],[-82.788,28.043],[-82.783,28.044],[-82.787,28.045],[-82.785,28.05],[-82.794,28.051],[-82.777,28.056],[-82.777,28.061],[-82.783,28.06],[-82.782,28.065],[-82.786,28.065],[-82.776,28.077],[-82.774,28.073],[-82.77,28.085],[-82.777,28.078],[-82.784,28.082],[-82.777,28.1],[-82.784,28.106],[-82.777,28.101],[-82.772,28.107],[-82.773,28.112],[-82.782,28.114],[-82.778,28.121],[-82.784,28.124],[-82.781,28.128],[-82.784,28.139],[-82.788,28.139],[-82.786,28.145],[-82.792,28.144],[-82.787,28.145],[-82.788,28.15],[-82.796,28.153],[-82.792,28.155],[-82.794,28.162],[-82.799,28.161],[-82.792,28.166],[-82.8,28.172],[-82.651,28.173],[-82.649,28.018],[-82.651,28.021],[-82.658,28.013],[-82.657,27.998],[-82.664,28.0],[-82.667,28.031],[-82.682,28.036],[-82.677,28.033],[-82.687,28.03],[-82.693,28.038],[-82.697,28.037],[-82.675,28.006],[-82.694,27.98],[-82.693,27.986],[-82.7,27.984],[-82.702,27.98],[-82.694,27.977],[-82.704,27.965],[-82.69,27.975],[-82.697,27.962],[-82.679,27.963],[-82.719,27.957],[-82.725,27.947],[-82.721,27.944],[-82.727,27.945],[-82.721,27.943],[-82.728,27.943],[-82.72,27.941],[-82.727,27.941],[-82.723,27.94],[-82.73,27.934],[-82.72,27.936],[-82.697,27.921],[-82.692,27.924],[-82.692,27.933],[-82.685,27.916],[-82.674,27.911],[-82.661,27.91],[-82.662,27.913],[-82.657,27.908],[-82.655,27.912],[-82.648,27.905],[-82.646,27.898],[-82.65,27.895],[-82.642,27.897],[-82.646,27.887],[-82.644,27.89],[-82.64,27.887],[-82.638,27.895],[-82.634,27.885],[-82.63,27.888],[-82.633,27.891],[-82.621,27.885],[-82.623,27.882],[-82.617,27.882],[-82.612,27.872],[-82.582,27.879],[-82.614,27.87],[-82.613,27.865],[-82.624,27.86],[-82.611,27.861],[-82.608,27.87],[-82.596,27.864],[-82.6,27.862],[-82.596,27.861],[-82.597,27.85],[-82.6,27.851],[-82.595,27.841],[-82.597,27.826],[-82.599,27.833],[-82.603,27.832],[-82.6,27.839],[-82.613,27.844],[-82.608,27.849],[-82.611,27.854],[-82.638,27.853],[-82.617,27.845],[-82.625,27.842],[-82.62,27.838],[-82.622,27.833],[-82.617,27.836],[-82.621,27.841],[-82.611,27.843],[-82.606,27.838],[-82.609,27.831],[-82.606,27.825],[-82.594,27.823],[-82.599,27.82],[-82.594,27.822],[-82.596,27.818],[-82.588,27.819],[-82.591,27.813],[-82.6,27.818],[-82.597,27.814],[-82.607,27.8],[-82.609,27.809],[-82.616,27.809],[-82.612,27.813],[-82.611,27.81],[-82.61,27.814],[-82.615,27.811],[-82.616,27.814],[-82.61,27.815],[-82.61,27.82],[-82.616,27.818],[-82.613,27.821],[-82.621,27.823],[-82.616,27.817],[-82.621,27.812],[-82.617,27.81],[-82.621,27.81],[-82.616,27.807],[-82.62,27.806],[-82.618,27.803],[-82.627,27.804],[-82.614,27.8],[-82.617,27.804],[-82.613,27.806],[-82.608,27.8],[-82.611,27.794],[-82.606,27.797],[-82.611,27.79],[-82.62,27.794],[-82.618,27.789],[-82.623,27.79],[-82.632,27.796],[-82.63,27.801],[-82.634,27.8],[-82.622,27.789],[-82.631,27.774],[-82.622,27.773],[-82.632,27.773],[-82.628,27.772],[-82.632,27.77],[-82.63,27.766],[-82.623,27.768],[-82.624,27.76],[-82.637,27.762],[-82.629,27.758],[-82.63,27.749],[-82.623,27.745],[-82.627,27.748],[-82.627,27.744],[-82.633,27.745],[-82.641,27.738],[-82.634,27.725],[-82.636,27.72],[-82.631,27.719],[-82.637,27.704],[-82.655,27.7],[-82.678,27.707],[-82.679,27.694],[-82.68,27.706],[-82.685,27.711],[-82.68,27.714],[-82.69,27.71],[-82.699,27.718],[-82.696,27.724],[-82.682,27.723],[-82.694,27.725],[-82.684,27.726],[-82.693,27.726],[-82.693,27.731],[-82.692,27.727],[-82.691,27.73],[-82.683,27.727],[-82.692,27.732],[-82.688,27.742],[-82.693,27.743],[-82.695,27.737],[-82.697,27.74],[-82.714,27.736],[-82.717,27.743],[-82.721,27.742],[-82.719,27.739],[-82.723,27.741],[-82.719,27.746],[-82.726,27.744],[-82.722,27.744],[-82.723,27.749],[-82.722,27.745],[-82.725,27.75],[-82.729,27.747],[-82.731,27.757],[-82.738,27.748],[-82.742,27.77],[-82.755,27.788],[-82.758,27.807],[-82.763,27.812],[-82.755,27.82],[-82.757,27.834],[-82.764,27.822],[-82.771,27.838],[-82.782,27.838],[-82.776,27.831],[-82.772,27.833],[-82.765,27.815],[-82.771,27.799],[-82.784,27.81],[-82.783,27.814],[-82.795,27.808],[-82.795,27.813],[-82.8,27.814],[-82.797,27.818],[-82.802,27.817],[-82.797,27.82],[-82.802,27.818],[-82.8,27.824],[-82.804,27.82],[-82.803,27.826],[-82.81,27.831],[-82.827,27.839],[-82.833,27.838],[-82.829,27.834],[-82.837,27.84],[-82.849,27.876],[-82.827,27.912]]],[[[-82.836,27.941],[-82.833,27.94],[-82.837,27.94],[-82.834,27.938],[-82.839,27.933],[-82.831,27.932],[-82.84,27.932],[-82.835,27.931],[-82.84,27.931],[-82.844,27.911],[-82.835,27.908],[-82.839,27.904],[-82.845,27.909],[-82.845,27.903],[-82.842,27.905],[-82.837,27.899],[-82.845,27.901],[-82.84,27.895],[-82.848,27.891],[-82.841,27.891],[-82.85,27.886],[-82.844,27.886],[-82.85,27.875],[-82.844,27.852],[-82.834,27.835],[-82.827,27.833],[-82.831,27.832],[-82.829,27.827],[-82.825,27.832],[-82.825,27.828],[-82.822,27.83],[-82.825,27.827],[-82.819,27.829],[-82.827,27.823],[-82.819,27.828],[-82.815,27.825],[-82.824,27.822],[-82.818,27.823],[-82.821,27.818],[-82.815,27.822],[-82.82,27.818],[-82.815,27.818],[-82.818,27.815],[-82.812,27.819],[-82.815,27.815],[-82.812,27.813],[-82.808,27.819],[-82.811,27.811],[-82.801,27.808],[-82.803,27.805],[-82.798,27.807],[-82.801,27.803],[-82.796,27.807],[-82.799,27.801],[-82.793,27.801],[-82.794,27.797],[-82.787,27.799],[-82.791,27.803],[-82.783,27.803],[-82.787,27.795],[-82.779,27.801],[-82.781,27.792],[-82.781,27.799],[-82.782,27.793],[-82.782,27.799],[-82.785,27.793],[-82.792,27.794],[-82.78,27.79],[-82.786,27.789],[-82.78,27.789],[-82.784,27.783],[-82.829,27.823],[-82.847,27.855],[-82.851,27.886],[-82.844,27.924],[-82.828,27.96],[-82.831,27.964],[-82.823,27.959],[-82.836,27.941]]],[[[-82.757,27.755],[-82.751,27.746],[-82.745,27.745],[-82.746,27.737],[-82.738,27.741],[-82.743,27.734],[-82.734,27.738],[-82.742,27.73],[-82.732,27.735],[-82.742,27.73],[-82.727,27.714],[-82.728,27.71],[-82.734,27.711],[-82.738,27.718],[-82.731,27.709],[-82.734,27.704],[-82.736,27.708],[-82.736,27.683],[-82.741,27.722],[-82.754,27.737],[-82.757,27.755]]],[[[-82.715,27.644],[-82.715,27.625],[-82.709,27.627],[-82.712,27.642],[-82.707,27.627],[-82.697,27.639],[-82.701,27.631],[-82.705,27.625],[-82.736,27.611],[-82.736,27.63],[-82.743,27.644],[-82.74,27.647],[-82.729,27.643],[-82.736,27.638],[-82.733,27.616],[-82.727,27.619],[-82.733,27.618],[-82.732,27.627],[-82.732,27.62],[-82.716,27.624],[-82.719,27.635],[-82.724,27.632],[-82.72,27.638],[-82.718,27.635],[-82.717,27.647],[-82.712,27.647],[-82.715,27.644]]],[[[-82.768,27.786],[-82.762,27.782],[-82.773,27.78],[-82.773,27.776],[-82.761,27.781],[-82.758,27.778],[-82.764,27.779],[-82.763,27.775],[-82.766,27.778],[-82.764,27.774],[-82.769,27.777],[-82.766,27.773],[-82.771,27.776],[-82.768,27.773],[-82.771,27.772],[-82.764,27.771],[-82.767,27.764],[-82.755,27.739],[-82.77,27.768],[-82.785,27.777],[-82.78,27.784],[-82.775,27.776],[-82.779,27.784],[-82.773,27.781],[-82.768,27.786]]],[[[-82.815,28.05],[-82.819,28.048],[-82.815,28.033],[-82.82,28.037],[-82.82,28.032],[-82.814,28.03],[-82.816,28.011],[-82.821,28.015],[-82.821,28.01],[-82.827,28.022],[-82.82,28.047],[-82.815,28.05]]],[[[-82.826,28.007],[-82.823,27.984],[-82.827,27.975],[-82.823,27.974],[-82.827,27.972],[-82.822,27.971],[-82.827,27.971],[-82.819,27.969],[-82.828,27.969],[-82.818,27.968],[-82.821,27.964],[-82.831,27.969],[-82.826,28.007]]],[[[-82.719,27.692],[-82.717,27.688],[-82.72,27.69],[-82.724,27.68],[-82.719,27.687],[-82.719,27.674],[-82.724,27.673],[-82.721,27.664],[-82.725,27.665],[-82.716,27.651],[-82.728,27.664],[-82.731,27.675],[-82.721,27.689],[-82.725,27.687],[-82.726,27.694],[-82.719,27.692]]],[[[-82.827,28.083],[-82.829,28.067],[-82.822,28.06],[-82.812,28.062],[-82.82,28.058],[-82.815,28.054],[-82.824,28.056],[-82.837,28.068],[-82.833,28.066],[-82.833,28.081],[-82.827,28.083]]],[[[-82.63,27.742],[-82.625,27.734],[-82.628,27.72],[-82.637,27.735],[-82.63,27.742]]],[[[-82.713,27.705],[-82.717,27.695],[-82.714,27.705],[-82.722,27.703],[-82.723,27.713],[-82.707,27.716],[-82.713,27.705]]],[[[-82.762,27.771],[-82.755,27.771],[-82.758,27.768],[-82.754,27.766],[-82.759,27.766],[-82.758,27.761],[-82.763,27.759],[-82.762,27.771]]],[[[-82.633,27.904],[-82.639,27.896],[-82.642,27.898],[-82.639,27.905],[-82.61,27.92],[-82.633,27.904]]],[[[-82.728,27.678],[-82.729,27.694],[-82.725,27.69],[-82.728,27.678]]],[[[-82.591,27.837],[-82.589,27.829],[-82.593,27.826],[-82.596,27.835],[-82.591,27.837]]],[[[-82.726,27.703],[-82.734,27.695],[-82.735,27.701],[-82.73,27.7],[-82.734,27.703],[-82.729,27.701],[-82.728,27.708],[-82.726,27.703]]],[[[-82.75,27.772],[-82.743,27.771],[-82.745,27.762],[-82.751,27.766],[-82.748,27.77],[-82.752,27.767],[-82.75,27.772]]],[[[-82.751,27.765],[-82.746,27.759],[-82.751,27.76],[-82.754,27.754],[-82.757,27.76],[-82.749,27.762],[-82.754,27.764],[-82.751,27.765]]],[[[-82.694,27.669],[-82.686,27.665],[-82.695,27.662],[-82.694,27.669]]],[[[-82.672,27.645],[-82.677,27.649],[-82.678,27.66],[-82.672,27.645]]],[[[-82.644,27.91],[-82.642,27.902],[-82.645,27.903],[-82.641,27.907],[-82.647,27.907],[-82.644,27.91]]],[[[-82.816,27.982],[-82.816,27.975],[-82.821,27.979],[-82.816,27.982]]],[[[-82.844,28.165],[-82.848,28.172],[-82.841,28.167],[-82.844,28.165]]],[[[-82.688,27.701],[-82.697,27.702],[-82.686,27.705],[-82.688,27.701]]],[[[-82.698,27.714],[-82.693,27.71],[-82.697,27.709],[-82.698,27.714]]],[[[-82.736,27.66],[-82.734,27.653],[-82.739,27.656],[-82.736,27.66]]],[[[-82.826,27.913],[-82.831,27.911],[-82.83,27.916],[-82.826,27.913]]],[[[-82.729,27.707],[-82.729,27.702],[-82.733,27.704],[-82.729,27.707]]],[[[-82.805,28.156],[-82.801,28.153],[-82.806,28.153],[-82.805,28.156]]]]}},{"type":"Feature","properties":{"name":"Polk","fee_name":"Transportation Impact Fee","fee_category":"Impact Fee","year":2025,"schedule_url":"https://www.polkfl.gov/wp-content/uploads/2024/09/Ordinance-9-10-24-Fees.pdf","fdot_district":1,"layer":"county"},"geometry":{"type":"Polygon","coordinates":[[[-81.804,28.362],[-81.791,28.362],[-81.791,28.346],[-81.657,28.347],[-81.657,28.259],[-81.557,28.259],[-81.524,28.201],[-81.525,28.143],[-81.456,28.143],[-81.455,28.085],[-81.346,28.085],[-81.349,28.082],[-81.346,28.069],[-81.366,28.067],[-81.362,28.041],[-81.38,28.022],[-81.378,28.012],[-81.392,28.019],[-81.394,28.028],[-81.428,28.039],[-81.441,28.059],[-81.459,28.053],[-81.459,28.039],[-81.449,28.032],[-81.439,28.033],[-81.416,27.998],[-81.387,28.004],[-81.378,27.989],[-81.382,27.984],[-81.35,27.964],[-81.35,27.954],[-81.337,27.951],[-81.338,27.939],[-81.345,27.942],[-81.347,27.937],[-81.312,27.921],[-81.315,27.899],[-81.297,27.864],[-81.302,27.868],[-81.303,27.86],[-81.281,27.858],[-81.286,27.851],[-81.261,27.845],[-81.253,27.848],[-81.249,27.844],[-81.247,27.849],[-81.238,27.846],[-81.214,27.829],[-81.2,27.797],[-81.186,27.779],[-81.188,27.775],[-81.182,27.775],[-81.174,27.764],[-81.179,27.752],[-81.171,27.747],[-81.172,27.743],[-81.165,27.742],[-81.169,27.726],[-81.161,27.724],[-81.159,27.718],[-81.151,27.718],[-81.146,27.71],[-81.15,27.699],[-81.145,27.672],[-81.132,27.662],[-81.132,27.648],[-81.142,27.643],[-81.375,27.647],[-82.054,27.646],[-82.056,28.172],[-82.106,28.172],[-82.106,28.259],[-82.056,28.259],[-82.056,28.313],[-82.045,28.319],[-82.028,28.324],[-82.006,28.323],[-81.987,28.305],[-81.979,28.305],[-81.978,28.309],[-81.958,28.308],[-81.958,28.345],[-81.858,28.346],[-81.858,28.362],[-81.804,28.362]]]}},{"type":"Feature","properties":{"name":"Putnam","fee_name":"Transportation Impact Fee","fee_category":"Impact Fee","year":2025,"schedule_url":"files/fee-schedules/Putnam_County_Schedule.pdf","fdot_district":2,"layer":"county"},"geometry":{"type":"Polygon","coordinates":[[[-81.581,29.84],[-81.563,29.796],[-81.525,29.759],[-81.521,29.498],[-81.487,29.446],[-81.479,29.399],[-81.461,29.39],[-81.434,29.399],[-81.446,29.38],[-81.681,29.324],[-81.675,29.339],[-81.656,29.338],[-81.661,29.343],[-81.661,29.36],[-81.669,29.372],[-81.741,29.371],[-81.742,29.43],[-81.775,29.429],[-81.776,29.487],[-81.843,29.487],[-81.845,29.522],[-81.857,29.516],[-81.886,29.513],[-81.887,29.509],[-81.902,29.516],[-81.912,29.504],[-81.919,29.512],[-81.933,29.516],[-81.968,29.503],[-82.004,29.502],[-82.032,29.492],[-82.042,29.476],[-82.054,29.47],[-82.056,29.657],[-82.049,29.713],[-82.054,29.719],[-82.029,29.719],[-82.007,29.74],[-81.976,29.747],[-81.94,29.747],[-81.928,29.761],[-81.923,29.781],[-81.914,29.792],[-81.862,29.8],[-81.812,29.836],[-81.581,29.84]]]}},{"type":"Feature","properties":{"name":"Sarasota","fee_name":"Mobility Fee","fee_category":"Mobility Fee","year":2026,"schedule_url":"https://www.scgov.net/home/showpublisheddocument/72253/638978690957470000","fdot_district":1,"layer":"county"},"geometry":{"type":"MultiPolygon","coordinates":[[[[-82.502,27.204],[-82.505,27.203],[-82.496,27.177],[-82.47,27.139],[-82.464,27.113],[-82.468,27.113],[-82.474,27.138],[-82.499,27.182],[-82.509,27.206],[-82.502,27.204]]],[[[-82.548,27.3],[-82.553,27.296],[-82.554,27.304],[-82.545,27.303],[-82.548,27.3]]],[[[-82.553,27.299],[-82.552,27.293],[-82.556,27.298],[-82.557,27.291],[-82.543,27.277],[-82.523,27.241],[-82.519,27.242],[-82.521,27.235],[-82.511,27.222],[-82.51,27.211],[-82.515,27.217],[-82.508,27.207],[-82.545,27.262],[-82.568,27.275],[-82.558,27.304],[-82.554,27.305],[-82.553,27.299]]],[[[-82.567,27.322],[-82.574,27.314],[-82.579,27.319],[-82.578,27.323],[-82.567,27.322]]],[[[-82.558,27.325],[-82.559,27.321],[-82.554,27.319],[-82.559,27.31],[-82.563,27.321],[-82.56,27.323],[-82.564,27.325],[-82.558,27.329],[-82.558,27.325]]],[[[-82.575,27.332],[-82.581,27.329],[-82.579,27.323],[-82.582,27.326],[-82.584,27.322],[-82.563,27.307],[-82.565,27.297],[-82.588,27.322],[-82.585,27.329],[-82.573,27.338],[-82.571,27.334],[-82.575,27.332]]],[[[-82.631,27.376],[-82.628,27.373],[-82.628,27.386],[-82.616,27.38],[-82.613,27.362],[-82.595,27.343],[-82.581,27.339],[-82.582,27.334],[-82.588,27.328],[-82.591,27.33],[-82.622,27.361],[-82.641,27.39],[-82.634,27.387],[-82.631,27.376]]],[[[-82.251,27.386],[-82.252,27.209],[-82.055,27.208],[-82.056,27.032],[-82.254,27.033],[-82.254,26.945],[-82.338,26.945],[-82.353,26.946],[-82.356,26.954],[-82.362,26.955],[-82.367,26.967],[-82.403,27.004],[-82.427,27.039],[-82.428,27.047],[-82.438,27.053],[-82.409,27.012],[-82.389,26.972],[-82.38,26.966],[-82.378,26.961],[-82.384,26.964],[-82.37,26.949],[-82.373,26.946],[-82.444,27.058],[-82.467,27.112],[-82.46,27.113],[-82.46,27.105],[-82.452,27.108],[-82.44,27.101],[-82.447,27.106],[-82.446,27.113],[-82.456,27.11],[-82.445,27.127],[-82.462,27.114],[-82.459,27.124],[-82.462,27.126],[-82.464,27.119],[-82.468,27.124],[-82.47,27.15],[-82.493,27.18],[-82.489,27.181],[-82.49,27.191],[-82.493,27.201],[-82.5,27.204],[-82.496,27.205],[-82.497,27.217],[-82.5,27.216],[-82.506,27.237],[-82.511,27.238],[-82.508,27.242],[-82.518,27.242],[-82.518,27.251],[-82.528,27.253],[-82.536,27.27],[-82.541,27.271],[-82.539,27.298],[-82.543,27.3],[-82.538,27.3],[-82.542,27.303],[-82.537,27.316],[-82.544,27.317],[-82.538,27.317],[-82.542,27.322],[-82.537,27.323],[-82.541,27.323],[-82.539,27.328],[-82.544,27.334],[-82.553,27.333],[-82.546,27.346],[-82.565,27.375],[-82.565,27.389],[-82.251,27.386]]]]}},{"type":"Feature","properties":{"name":"Seminole","fee_name":"Mobility Fee","fee_category":"Mobility Fee","year":2020,"schedule_url":"https://www.seminolecountyfl.gov/docs/default-source/pdf/Condensed-Mobility-Fee-Schedule-6-29-21.pdf","fdot_district":5,"layer":"county"},"geometry":{"type":"Polygon","coordinates":[[[-81.367,28.877],[-81.36,28.871],[-81.365,28.866],[-81.352,28.862],[-81.359,28.848],[-81.342,28.847],[-81.32,28.835],[-81.225,28.832],[-81.225,28.821],[-81.216,28.814],[-81.214,28.804],[-81.197,28.792],[-81.181,28.797],[-81.18,28.782],[-81.156,28.792],[-81.136,28.792],[-81.14,28.797],[-81.129,28.799],[-81.131,28.806],[-81.123,28.814],[-81.127,28.821],[-81.12,28.826],[-81.104,28.828],[-81.099,28.822],[-81.092,28.825],[-81.085,28.816],[-81.075,28.819],[-81.067,28.813],[-81.068,28.804],[-81.054,28.783],[-81.06,28.747],[-81.036,28.724],[-81.039,28.722],[-81.034,28.719],[-81.035,28.709],[-81.021,28.701],[-81.017,28.693],[-81.021,28.673],[-81.007,28.662],[-81.001,28.641],[-81.007,28.636],[-80.995,28.622],[-80.988,28.624],[-80.987,28.613],[-81.328,28.61],[-81.328,28.64],[-81.459,28.64],[-81.459,28.713],[-81.441,28.715],[-81.421,28.74],[-81.415,28.755],[-81.413,28.793],[-81.42,28.815],[-81.417,28.825],[-81.383,28.852],[-81.367,28.877]]]}},{"type":"Feature","properties":{"name":"St Johns","fee_name":"Roads Impact Fee","fee_category":"Impact Fee","year":2025,"schedule_url":"files/fee-schedules/St_Johns_County_Schedule.pdf","fdot_district":2,"layer":"county"},"geometry":{"type":"MultiPolygon","coordinates":[[[[-81.238,29.713],[-81.234,29.711],[-81.234,29.702],[-81.245,29.715],[-81.243,29.718],[-81.238,29.713]]],[[[-81.275,29.895],[-81.267,29.871],[-81.259,29.793],[-81.245,29.749],[-81.227,29.712],[-81.229,29.707],[-81.244,29.72],[-81.248,29.729],[-81.244,29.742],[-81.25,29.759],[-81.268,29.781],[-81.271,29.797],[-81.282,29.813],[-81.28,29.817],[-81.288,29.814],[-81.288,29.81],[-81.291,29.814],[-81.294,29.828],[-81.3,29.83],[-81.291,29.833],[-81.301,29.832],[-81.298,29.847],[-81.308,29.857],[-81.298,29.882],[-81.304,29.899],[-81.3,29.901],[-81.27,29.866],[-81.275,29.881],[-81.283,29.885],[-81.294,29.904],[-81.282,29.909],[-81.275,29.895]]],[[[-81.38,30.253],[-81.309,29.968],[-81.288,29.915],[-81.295,29.91],[-81.298,29.913],[-81.311,29.952],[-81.327,29.967],[-81.326,29.984],[-81.333,29.985],[-81.334,29.971],[-81.329,29.958],[-81.315,29.953],[-81.308,29.916],[-81.304,29.913],[-81.309,29.912],[-81.306,29.907],[-81.314,29.906],[-81.305,29.879],[-81.306,29.87],[-81.314,29.861],[-81.311,29.849],[-81.303,29.841],[-81.307,29.829],[-81.298,29.824],[-81.298,29.816],[-81.29,29.808],[-81.293,29.805],[-81.286,29.804],[-81.279,29.777],[-81.272,29.772],[-81.275,29.766],[-81.265,29.765],[-81.268,29.762],[-81.261,29.765],[-81.258,29.745],[-81.247,29.745],[-81.251,29.731],[-81.247,29.715],[-81.234,29.7],[-81.225,29.703],[-81.213,29.671],[-81.227,29.67],[-81.232,29.663],[-81.247,29.659],[-81.262,29.669],[-81.275,29.653],[-81.301,29.651],[-81.308,29.642],[-81.324,29.654],[-81.324,29.626],[-81.524,29.622],[-81.525,29.759],[-81.563,29.796],[-81.599,29.875],[-81.608,29.91],[-81.599,29.938],[-81.604,29.963],[-81.625,29.982],[-81.676,30.01],[-81.688,30.025],[-81.69,30.059],[-81.68,30.084],[-81.68,30.121],[-81.651,30.122],[-81.624,30.134],[-81.581,30.126],[-81.563,30.117],[-81.539,30.12],[-81.539,30.104],[-81.435,30.105],[-81.437,30.252],[-81.38,30.253]]]]}},{"type":"Feature","properties":{"name":"St Lucie","fee_name":"Road Impact Fee","fee_category":"Impact Fee","year":2026,"schedule_url":"files/fee-schedules/St_Lucie_County_Schedule.pdf","fdot_district":4,"layer":"county"},"geometry":{"type":"MultiPolygon","coordinates":[[[[-80.29,27.467],[-80.262,27.396],[-80.199,27.263],[-80.211,27.263],[-80.207,27.268],[-80.216,27.286],[-80.227,27.283],[-80.227,27.288],[-80.217,27.287],[-80.228,27.292],[-80.222,27.308],[-80.236,27.329],[-80.239,27.342],[-80.248,27.339],[-80.259,27.348],[-80.253,27.347],[-80.246,27.354],[-80.251,27.35],[-80.258,27.352],[-80.261,27.365],[-80.256,27.379],[-80.261,27.379],[-80.267,27.4],[-80.275,27.401],[-80.281,27.429],[-80.289,27.428],[-80.297,27.434],[-80.295,27.447],[-80.288,27.447],[-80.29,27.459],[-80.299,27.46],[-80.294,27.466],[-80.306,27.457],[-80.316,27.456],[-80.317,27.461],[-80.308,27.465],[-80.304,27.463],[-80.291,27.471],[-80.29,27.467]]],[[[-80.313,27.486],[-80.318,27.483],[-80.321,27.487],[-80.313,27.486]]],[[[-80.356,27.557],[-80.352,27.539],[-80.343,27.535],[-80.356,27.534],[-80.342,27.534],[-80.348,27.534],[-80.347,27.524],[-80.334,27.479],[-80.326,27.467],[-80.334,27.465],[-80.337,27.469],[-80.335,27.465],[-80.324,27.467],[-80.322,27.444],[-80.299,27.389],[-80.233,27.263],[-80.285,27.264],[-80.286,27.206],[-80.678,27.206],[-80.68,27.558],[-80.356,27.557]]],[[[-80.32,27.554],[-80.291,27.473],[-80.313,27.48],[-80.302,27.497],[-80.305,27.498],[-80.31,27.486],[-80.313,27.493],[-80.309,27.5],[-80.317,27.487],[-80.323,27.493],[-80.32,27.501],[-80.326,27.499],[-80.321,27.503],[-80.326,27.505],[-80.322,27.511],[-80.327,27.516],[-80.319,27.516],[-80.329,27.518],[-80.326,27.529],[-80.318,27.527],[-80.317,27.52],[-80.312,27.518],[-80.319,27.534],[-80.337,27.545],[-80.328,27.547],[-80.327,27.552],[-80.333,27.557],[-80.32,27.554]]]]}},{"type":"Feature","properties":{"name":"Alachua","fee_name":"Mobility Fee","fee_category":"Mobility Fee","year":2023,"schedule_url":"files/fee-schedules/Alachua_County_Schedule.pdf","fdot_district":2,"layer":"county"},"geometry":{"type":"Polygon","coordinates":[[[-82.507,29.944],[-82.499,29.939],[-82.484,29.94],[-82.471,29.926],[-82.461,29.932],[-82.451,29.926],[-82.446,29.932],[-82.434,29.93],[-82.423,29.92],[-82.414,29.923],[-82.406,29.913],[-82.405,29.896],[-82.398,29.886],[-82.375,29.879],[-82.363,29.882],[-82.358,29.878],[-82.335,29.879],[-82.323,29.867],[-82.314,29.868],[-82.314,29.86],[-82.305,29.86],[-82.305,29.853],[-82.296,29.853],[-82.284,29.845],[-82.272,29.843],[-82.242,29.853],[-82.234,29.845],[-82.209,29.844],[-82.196,29.849],[-82.174,29.837],[-82.164,29.84],[-82.133,29.836],[-82.13,29.824],[-82.124,29.824],[-82.124,29.805],[-82.118,29.791],[-82.109,29.791],[-82.109,29.783],[-82.081,29.778],[-82.078,29.773],[-82.087,29.76],[-82.075,29.761],[-82.059,29.749],[-82.056,29.751],[-82.055,29.736],[-82.05,29.733],[-82.054,29.717],[-82.049,29.713],[-82.056,29.657],[-82.056,29.473],[-82.049,29.458],[-82.055,29.456],[-82.057,29.44],[-82.072,29.443],[-82.07,29.434],[-82.081,29.44],[-82.088,29.436],[-82.086,29.427],[-82.09,29.431],[-82.096,29.429],[-82.097,29.419],[-82.1,29.421],[-82.096,29.43],[-82.101,29.438],[-82.118,29.429],[-82.136,29.435],[-82.145,29.424],[-82.14,29.42],[-82.147,29.417],[-82.151,29.427],[-82.153,29.423],[-82.156,29.426],[-82.155,29.422],[-82.168,29.427],[-82.176,29.421],[-82.193,29.421],[-82.213,29.432],[-82.212,29.45],[-82.218,29.456],[-82.213,29.466],[-82.203,29.46],[-82.193,29.461],[-82.199,29.458],[-82.194,29.453],[-82.188,29.456],[-82.188,29.461],[-82.202,29.468],[-82.2,29.471],[-82.206,29.472],[-82.208,29.467],[-82.215,29.477],[-82.211,29.484],[-82.496,29.486],[-82.496,29.478],[-82.557,29.48],[-82.557,29.538],[-82.656,29.536],[-82.659,29.83],[-82.642,29.827],[-82.634,29.834],[-82.632,29.849],[-82.617,29.848],[-82.623,29.853],[-82.62,29.859],[-82.611,29.852],[-82.605,29.853],[-82.586,29.867],[-82.592,29.873],[-82.593,29.888],[-82.58,29.888],[-82.58,29.895],[-82.576,29.895],[-82.578,29.916],[-82.568,29.917],[-82.554,29.929],[-82.541,29.926],[-82.53,29.933],[-82.526,29.945],[-82.507,29.944]]]}},{"type":"Feature","properties":{"name":"Charlotte","fee_name":"Transportation Impact Fee","fee_category":"Impact Fee","year":2022,"schedule_url":"files/fee-schedules/Charlotte_County_Schedule.pdf","fdot_district":1,"layer":"county"},"geometry":{"type":"MultiPolygon","coordinates":[[[[-82.222,26.782],[-82.226,26.782],[-82.222,26.786],[-82.222,26.782]]],[[[-82.216,26.787],[-82.219,26.785],[-82.22,26.789],[-82.216,26.787]]],[[[-82.212,26.79],[-82.21,26.785],[-82.216,26.789],[-82.212,26.79]]],[[[-82.183,26.802],[-82.182,26.789],[-82.188,26.801],[-82.183,26.802]]],[[[-82.204,26.803],[-82.195,26.803],[-82.195,26.796],[-82.199,26.8],[-82.198,26.795],[-82.205,26.798],[-82.206,26.803],[-82.211,26.799],[-82.203,26.796],[-82.211,26.795],[-82.214,26.801],[-82.204,26.803]]],[[[-82.274,26.804],[-82.271,26.796],[-82.264,26.794],[-82.269,26.795],[-82.265,26.789],[-82.27,26.789],[-82.282,26.805],[-82.279,26.811],[-82.274,26.804]]],[[[-82.242,26.81],[-82.248,26.813],[-82.245,26.815],[-82.242,26.81]]],[[[-82.273,26.808],[-82.276,26.811],[-82.272,26.815],[-82.273,26.808]]],[[[-82.162,26.818],[-82.16,26.815],[-82.165,26.816],[-82.162,26.818]]],[[[-82.288,26.849],[-82.286,26.844],[-82.295,26.851],[-82.288,26.849]]],[[[-82.054,26.851],[-82.051,26.848],[-82.056,26.848],[-82.054,26.851]]],[[[-82.054,26.857],[-82.053,26.852],[-82.057,26.854],[-82.054,26.857]]],[[[-82.317,26.875],[-82.319,26.872],[-82.321,26.876],[-82.317,26.875]]],[[[-82.055,26.872],[-82.058,26.874],[-82.054,26.875],[-82.055,26.872]]],[[[-82.331,26.894],[-82.325,26.885],[-82.335,26.891],[-82.319,26.88],[-82.32,26.876],[-82.324,26.879],[-82.32,26.873],[-82.312,26.872],[-82.319,26.87],[-82.312,26.871],[-82.304,26.859],[-82.313,26.866],[-82.301,26.85],[-82.292,26.847],[-82.301,26.847],[-82.296,26.844],[-82.297,26.838],[-82.295,26.841],[-82.281,26.825],[-82.28,26.816],[-82.34,26.893],[-82.34,26.897],[-82.336,26.893],[-82.337,26.898],[-82.331,26.894]]],[[[-82.337,26.904],[-82.338,26.901],[-82.346,26.91],[-82.343,26.912],[-82.337,26.904]]],[[[-82.346,26.916],[-82.348,26.912],[-82.348,26.919],[-82.346,26.916]]],[[[-82.352,26.931],[-82.355,26.925],[-82.358,26.928],[-82.352,26.931]]],[[[-82.366,26.94],[-82.358,26.936],[-82.362,26.934],[-82.355,26.924],[-82.358,26.922],[-82.35,26.916],[-82.351,26.91],[-82.341,26.897],[-82.365,26.932],[-82.373,26.946],[-82.366,26.94]]],[[[-82.171,26.945],[-82.164,26.944],[-82.166,26.938],[-82.166,26.942],[-82.158,26.938],[-82.157,26.942],[-82.152,26.939],[-82.155,26.937],[-82.151,26.94],[-82.148,26.933],[-82.153,26.932],[-82.148,26.929],[-82.144,26.934],[-82.142,26.929],[-82.133,26.93],[-82.138,26.924],[-82.15,26.928],[-82.153,26.924],[-82.171,26.945]]],[[[-81.561,27.033],[-81.565,26.769],[-82.06,26.77],[-82.06,26.78],[-82.056,26.778],[-82.054,26.784],[-82.062,26.795],[-82.053,26.787],[-82.053,26.791],[-82.049,26.79],[-82.05,26.8],[-82.039,26.799],[-82.049,26.799],[-82.042,26.8],[-82.049,26.804],[-82.041,26.802],[-82.052,26.806],[-82.046,26.812],[-82.049,26.816],[-82.043,26.817],[-82.05,26.821],[-82.055,26.838],[-82.049,26.843],[-82.051,26.85],[-82.047,26.845],[-82.043,26.847],[-82.05,26.85],[-82.048,26.855],[-82.053,26.853],[-82.049,26.868],[-82.051,26.863],[-82.052,26.868],[-82.056,26.866],[-82.051,26.869],[-82.055,26.876],[-82.05,26.879],[-82.058,26.875],[-82.062,26.883],[-82.08,26.885],[-82.091,26.892],[-82.086,26.899],[-82.092,26.896],[-82.093,26.919],[-82.123,26.944],[-82.127,26.938],[-82.129,26.948],[-82.127,26.939],[-82.132,26.933],[-82.144,26.937],[-82.144,26.943],[-82.147,26.937],[-82.153,26.939],[-82.152,26.946],[-82.156,26.942],[-82.164,26.945],[-82.165,26.95],[-82.174,26.949],[-82.183,26.937],[-82.18,26.917],[-82.168,26.89],[-82.176,26.892],[-82.167,26.888],[-82.156,26.858],[-82.154,26.843],[-82.16,26.841],[-82.153,26.839],[-82.155,26.829],[-82.146,26.796],[-82.148,26.788],[-82.147,26.794],[-82.153,26.799],[-82.149,26.801],[-82.156,26.802],[-82.149,26.795],[-82.153,26.796],[-82.152,26.792],[-82.148,26.793],[-82.153,26.785],[-82.148,26.786],[-82.16,26.781],[-82.157,26.785],[-82.162,26.786],[-82.165,26.781],[-82.167,26.79],[-82.162,26.79],[-82.17,26.792],[-82.17,26.809],[-82.164,26.807],[-82.169,26.809],[-82.165,26.813],[-82.159,26.803],[-82.164,26.813],[-82.159,26.809],[-82.155,26.814],[-82.161,26.814],[-82.153,26.819],[-82.158,26.819],[-82.157,26.823],[-82.161,26.819],[-82.162,26.837],[-82.163,26.824],[-82.173,26.821],[-82.178,26.805],[-82.19,26.806],[-82.191,26.8],[-82.197,26.807],[-82.204,26.804],[-82.21,26.809],[-82.221,26.808],[-82.221,26.814],[-82.223,26.809],[-82.227,26.811],[-82.225,26.817],[-82.215,26.815],[-82.216,26.819],[-82.238,26.809],[-82.235,26.813],[-82.24,26.814],[-82.242,26.821],[-82.249,26.824],[-82.253,26.818],[-82.256,26.829],[-82.266,26.828],[-82.267,26.833],[-82.268,26.827],[-82.268,26.834],[-82.269,26.831],[-82.276,26.84],[-82.285,26.842],[-82.287,26.849],[-82.3,26.854],[-82.296,26.858],[-82.3,26.855],[-82.306,26.862],[-82.313,26.873],[-82.309,26.879],[-82.314,26.889],[-82.33,26.906],[-82.332,26.913],[-82.328,26.915],[-82.333,26.914],[-82.328,26.916],[-82.333,26.916],[-82.329,26.919],[-82.341,26.922],[-82.341,26.933],[-82.346,26.938],[-82.351,26.934],[-82.349,26.942],[-82.353,26.946],[-82.254,26.945],[-82.254,27.033],[-81.561,27.033]]]]}},{"type":"Feature","properties":{"name":"Clay","fee_name":"Mobility Fee","fee_category":"Mobility Fee","year":2025,"schedule_url":"https://www.claycountygov.com/government/planning-and-zoning/impact-mobility-fees/mobility-fee-effective-2-1-2021/mobility-fee-rate-schedules-per-district","fdot_district":2,"layer":"county"},"geometry":{"type":"Polygon","coordinates":[[[-81.734,30.194],[-81.68,30.191],[-81.682,30.181],[-81.691,30.172],[-81.692,30.142],[-81.68,30.121],[-81.68,30.084],[-81.689,30.065],[-81.69,30.032],[-81.676,30.01],[-81.625,29.982],[-81.604,29.963],[-81.599,29.938],[-81.608,29.918],[-81.607,29.903],[-81.599,29.875],[-81.581,29.84],[-81.812,29.836],[-81.862,29.8],[-81.914,29.792],[-81.923,29.781],[-81.928,29.761],[-81.94,29.747],[-81.976,29.747],[-82.007,29.74],[-82.029,29.719],[-82.049,29.719],[-82.046,29.747],[-82.049,30.187],[-81.74,30.189],[-81.734,30.194]]]}},{"type":"Feature","properties":{"name":"Collier","fee_name":"Roads Impact Fee","fee_category":"Impact Fee","year":2022,"schedule_url":"files/fee-schedules/Collier_County_Schedule.pdf","fdot_district":1,"layer":"county"},"geometry":{"type":"MultiPolygon","coordinates":[[[[-81.406,25.809],[-81.401,25.809],[-81.402,25.803],[-81.407,25.804],[-81.406,25.809]]],[[[-81.377,25.814],[-81.372,25.811],[-81.373,25.806],[-81.38,25.807],[-81.377,25.814]]],[[[-81.444,25.814],[-81.44,25.815],[-81.441,25.812],[-81.448,25.807],[-81.449,25.818],[-81.444,25.814]]],[[[-81.379,25.816],[-81.377,25.811],[-81.383,25.81],[-81.384,25.816],[-81.379,25.816]]],[[[-81.431,25.812],[-81.428,25.805],[-81.433,25.803],[-81.431,25.808],[-81.438,25.812],[-81.433,25.812],[-81.432,25.819],[-81.431,25.812]]],[[[-81.467,25.818],[-81.472,25.816],[-81.475,25.82],[-81.472,25.823],[-81.467,25.818]]],[[[-81.396,25.825],[-81.39,25.819],[-81.396,25.812],[-81.388,25.803],[-81.395,25.81],[-81.396,25.803],[-81.402,25.812],[-81.397,25.814],[-81.4,25.82],[-81.396,25.825]]],[[[-81.468,25.829],[-81.469,25.823],[-81.472,25.828],[-81.468,25.829]]],[[[-81.42,25.831],[-81.415,25.826],[-81.412,25.831],[-81.411,25.822],[-81.405,25.821],[-81.399,25.827],[-81.401,25.818],[-81.414,25.816],[-81.412,25.803],[-81.416,25.804],[-81.418,25.82],[-81.422,25.82],[-81.424,25.807],[-81.426,25.817],[-81.438,25.824],[-81.429,25.827],[-81.424,25.823],[-81.426,25.828],[-81.42,25.831]]],[[[-81.493,25.832],[-81.488,25.832],[-81.489,25.822],[-81.493,25.832]]],[[[-81.482,25.836],[-81.476,25.831],[-81.477,25.828],[-81.483,25.831],[-81.479,25.821],[-81.487,25.825],[-81.482,25.836]]],[[[-81.494,25.841],[-81.494,25.837],[-81.501,25.835],[-81.501,25.842],[-81.494,25.841]]],[[[-81.434,25.836],[-81.436,25.833],[-81.43,25.83],[-81.42,25.842],[-81.421,25.833],[-81.425,25.838],[-81.429,25.828],[-81.44,25.828],[-81.44,25.837],[-81.434,25.837],[-81.432,25.844],[-81.428,25.844],[-81.434,25.836]]],[[[-81.52,25.846],[-81.521,25.843],[-81.515,25.844],[-81.518,25.84],[-81.524,25.844],[-81.52,25.846]]],[[[-81.502,25.847],[-81.502,25.842],[-81.507,25.848],[-81.502,25.847]]],[[[-81.516,25.853],[-81.514,25.84],[-81.515,25.847],[-81.521,25.849],[-81.519,25.855],[-81.516,25.853]]],[[[-81.436,25.855],[-81.421,25.852],[-81.414,25.842],[-81.423,25.845],[-81.426,25.852],[-81.43,25.851],[-81.427,25.845],[-81.435,25.846],[-81.437,25.851],[-81.433,25.845],[-81.436,25.841],[-81.439,25.846],[-81.437,25.841],[-81.443,25.834],[-81.446,25.839],[-81.442,25.851],[-81.434,25.852],[-81.436,25.855]]],[[[-81.459,25.858],[-81.463,25.856],[-81.456,25.854],[-81.455,25.849],[-81.445,25.851],[-81.444,25.841],[-81.458,25.84],[-81.457,25.834],[-81.452,25.836],[-81.454,25.83],[-81.448,25.834],[-81.445,25.83],[-81.449,25.825],[-81.456,25.828],[-81.456,25.823],[-81.45,25.823],[-81.461,25.819],[-81.466,25.834],[-81.465,25.84],[-81.46,25.836],[-81.462,25.845],[-81.464,25.841],[-81.469,25.844],[-81.467,25.835],[-81.478,25.844],[-81.472,25.843],[-81.477,25.848],[-81.469,25.849],[-81.459,25.858]]],[[[-81.466,25.86],[-81.46,25.861],[-81.47,25.85],[-81.481,25.85],[-81.473,25.855],[-81.472,25.862],[-81.466,25.86]]],[[[-81.533,25.86],[-81.532,25.857],[-81.536,25.858],[-81.536,25.863],[-81.533,25.86]]],[[[-81.568,25.863],[-81.565,25.864],[-81.564,25.856],[-81.573,25.865],[-81.568,25.863]]],[[[-81.503,25.865],[-81.493,25.856],[-81.501,25.852],[-81.509,25.86],[-81.511,25.849],[-81.504,25.842],[-81.507,25.833],[-81.512,25.832],[-81.506,25.841],[-81.51,25.841],[-81.516,25.853],[-81.512,25.852],[-81.512,25.856],[-81.517,25.859],[-81.519,25.856],[-81.52,25.86],[-81.503,25.865]]],[[[-81.475,25.866],[-81.476,25.858],[-81.485,25.865],[-81.475,25.866]]],[[[-81.51,25.869],[-81.501,25.867],[-81.518,25.864],[-81.517,25.87],[-81.51,25.869]]],[[[-81.486,25.869],[-81.489,25.863],[-81.478,25.858],[-81.484,25.847],[-81.502,25.85],[-81.497,25.853],[-81.487,25.85],[-81.491,25.859],[-81.486,25.856],[-81.485,25.86],[-81.491,25.862],[-81.493,25.858],[-81.495,25.862],[-81.49,25.865],[-81.497,25.869],[-81.492,25.872],[-81.486,25.869]]],[[[-81.474,25.868],[-81.465,25.862],[-81.474,25.864],[-81.479,25.871],[-81.474,25.868]]],[[[-81.545,25.869],[-81.55,25.868],[-81.547,25.875],[-81.545,25.869]]],[[[-81.535,25.874],[-81.539,25.855],[-81.549,25.85],[-81.546,25.864],[-81.538,25.871],[-81.54,25.875],[-81.535,25.874]]],[[[-81.57,25.877],[-81.57,25.872],[-81.575,25.871],[-81.57,25.877]]],[[[-81.561,25.88],[-81.549,25.875],[-81.554,25.87],[-81.558,25.871],[-81.554,25.875],[-81.561,25.874],[-81.551,25.86],[-81.556,25.859],[-81.565,25.867],[-81.566,25.873],[-81.559,25.876],[-81.561,25.88]]],[[[-81.582,25.891],[-81.579,25.889],[-81.586,25.888],[-81.587,25.879],[-81.591,25.88],[-81.591,25.891],[-81.582,25.891]]],[[[-81.68,25.897],[-81.687,25.894],[-81.694,25.898],[-81.68,25.897]]],[[[-81.663,25.9],[-81.66,25.897],[-81.664,25.89],[-81.66,25.89],[-81.664,25.885],[-81.676,25.881],[-81.685,25.888],[-81.68,25.886],[-81.676,25.891],[-81.682,25.889],[-81.682,25.893],[-81.663,25.9]]],[[[-81.554,25.894],[-81.549,25.897],[-81.548,25.89],[-81.541,25.891],[-81.544,25.885],[-81.54,25.886],[-81.538,25.881],[-81.536,25.885],[-81.53,25.883],[-81.531,25.876],[-81.536,25.875],[-81.533,25.879],[-81.539,25.88],[-81.54,25.876],[-81.547,25.884],[-81.552,25.883],[-81.549,25.878],[-81.555,25.879],[-81.557,25.884],[-81.55,25.886],[-81.562,25.887],[-81.557,25.898],[-81.552,25.897],[-81.554,25.894]]],[[[-81.599,25.899],[-81.598,25.892],[-81.605,25.892],[-81.607,25.897],[-81.6,25.895],[-81.599,25.899]]],[[[-81.71,25.894],[-81.701,25.89],[-81.704,25.885],[-81.693,25.884],[-81.699,25.891],[-81.696,25.893],[-81.682,25.882],[-81.681,25.878],[-81.699,25.871],[-81.679,25.875],[-81.675,25.863],[-81.68,25.86],[-81.681,25.866],[-81.685,25.865],[-81.682,25.863],[-81.685,25.856],[-81.69,25.856],[-81.685,25.851],[-81.677,25.857],[-81.681,25.86],[-81.675,25.862],[-81.678,25.877],[-81.671,25.872],[-81.669,25.866],[-81.678,25.845],[-81.689,25.852],[-81.718,25.902],[-81.71,25.894]]],[[[-81.654,25.902],[-81.653,25.894],[-81.658,25.9],[-81.654,25.902]]],[[[-81.647,25.903],[-81.644,25.896],[-81.65,25.902],[-81.647,25.903]]],[[[-81.614,25.899],[-81.618,25.898],[-81.617,25.891],[-81.624,25.898],[-81.616,25.898],[-81.614,25.905],[-81.614,25.899]]],[[[-81.645,25.915],[-81.639,25.906],[-81.645,25.91],[-81.646,25.904],[-81.648,25.916],[-81.645,25.919],[-81.641,25.915],[-81.645,25.915]]],[[[-81.611,25.926],[-81.611,25.922],[-81.604,25.923],[-81.599,25.917],[-81.611,25.917],[-81.61,25.921],[-81.618,25.912],[-81.617,25.924],[-81.611,25.926]]],[[[-81.726,25.961],[-81.718,25.956],[-81.721,25.966],[-81.713,25.963],[-81.716,25.959],[-81.71,25.962],[-81.713,25.956],[-81.708,25.955],[-81.712,25.953],[-81.705,25.944],[-81.709,25.939],[-81.7,25.941],[-81.703,25.936],[-81.699,25.941],[-81.707,25.946],[-81.708,25.954],[-81.706,25.949],[-81.7,25.951],[-81.689,25.939],[-81.683,25.941],[-81.674,25.933],[-81.688,25.944],[-81.684,25.945],[-81.69,25.953],[-81.672,25.94],[-81.674,25.95],[-81.677,25.946],[-81.681,25.95],[-81.677,25.952],[-81.655,25.943],[-81.656,25.933],[-81.652,25.926],[-81.645,25.928],[-81.643,25.922],[-81.664,25.913],[-81.663,25.926],[-81.668,25.925],[-81.669,25.919],[-81.674,25.925],[-81.673,25.91],[-81.661,25.909],[-81.654,25.918],[-81.649,25.905],[-81.659,25.908],[-81.653,25.904],[-81.67,25.901],[-81.692,25.903],[-81.681,25.905],[-81.675,25.912],[-81.682,25.921],[-81.676,25.928],[-81.685,25.936],[-81.692,25.935],[-81.698,25.927],[-81.692,25.91],[-81.7,25.909],[-81.703,25.914],[-81.701,25.91],[-81.706,25.908],[-81.71,25.915],[-81.701,25.917],[-81.702,25.926],[-81.714,25.914],[-81.72,25.935],[-81.716,25.936],[-81.721,25.937],[-81.714,25.924],[-81.715,25.915],[-81.708,25.912],[-81.729,25.908],[-81.732,25.932],[-81.751,25.953],[-81.751,25.96],[-81.735,25.974],[-81.732,25.97],[-81.742,25.964],[-81.739,25.957],[-81.735,25.96],[-81.732,25.975],[-81.727,25.974],[-81.726,25.961]]],[[[-81.723,25.979],[-81.712,25.976],[-81.715,25.972],[-81.724,25.975],[-81.727,25.978],[-81.723,25.979]]],[[[-81.746,25.975],[-81.749,25.99],[-81.744,25.983],[-81.746,25.975]]],[[[-81.738,25.991],[-81.73,25.989],[-81.736,25.982],[-81.738,25.991]]],[[[-81.749,26.004],[-81.739,26.004],[-81.746,26.003],[-81.739,25.983],[-81.742,25.978],[-81.755,26.011],[-81.75,26.011],[-81.749,26.004]]],[[[-81.771,26.042],[-81.747,26.025],[-81.749,26.018],[-81.746,26.022],[-81.743,26.016],[-81.758,26.015],[-81.763,26.022],[-81.756,26.019],[-81.764,26.024],[-81.774,26.041],[-81.771,26.042]]],[[[-81.272,26.517],[-81.268,26.253],[-80.88,26.26],[-80.873,25.806],[-81.344,25.803],[-81.347,25.816],[-81.36,25.826],[-81.357,25.812],[-81.359,25.809],[-81.365,25.812],[-81.36,25.824],[-81.384,25.84],[-81.393,25.855],[-81.408,25.856],[-81.426,25.868],[-81.435,25.863],[-81.448,25.864],[-81.446,25.869],[-81.451,25.871],[-81.465,25.861],[-81.466,25.865],[-81.458,25.868],[-81.462,25.873],[-81.456,25.879],[-81.465,25.875],[-81.475,25.89],[-81.499,25.889],[-81.504,25.884],[-81.512,25.887],[-81.51,25.881],[-81.515,25.884],[-81.515,25.878],[-81.501,25.874],[-81.513,25.868],[-81.522,25.874],[-81.517,25.876],[-81.523,25.889],[-81.526,25.883],[-81.519,25.881],[-81.523,25.874],[-81.518,25.866],[-81.528,25.851],[-81.523,25.867],[-81.531,25.872],[-81.527,25.875],[-81.528,25.884],[-81.536,25.887],[-81.53,25.887],[-81.528,25.895],[-81.517,25.893],[-81.521,25.891],[-81.52,25.885],[-81.51,25.892],[-81.506,25.889],[-81.51,25.904],[-81.526,25.902],[-81.521,25.915],[-81.526,25.907],[-81.543,25.898],[-81.54,25.916],[-81.559,25.92],[-81.559,25.908],[-81.552,25.904],[-81.546,25.911],[-81.554,25.901],[-81.547,25.905],[-81.544,25.901],[-81.563,25.897],[-81.565,25.887],[-81.565,25.894],[-81.581,25.891],[-81.582,25.895],[-81.576,25.897],[-81.587,25.896],[-81.585,25.902],[-81.589,25.895],[-81.584,25.893],[-81.593,25.894],[-81.592,25.9],[-81.604,25.904],[-81.608,25.904],[-81.61,25.896],[-81.607,25.908],[-81.613,25.908],[-81.611,25.916],[-81.603,25.911],[-81.603,25.915],[-81.598,25.913],[-81.601,25.916],[-81.596,25.911],[-81.59,25.916],[-81.594,25.911],[-81.575,25.902],[-81.581,25.915],[-81.578,25.914],[-81.576,25.924],[-81.587,25.918],[-81.592,25.922],[-81.59,25.926],[-81.596,25.916],[-81.6,25.921],[-81.598,25.932],[-81.617,25.932],[-81.621,25.911],[-81.615,25.907],[-81.617,25.904],[-81.623,25.91],[-81.62,25.903],[-81.626,25.904],[-81.632,25.895],[-81.637,25.904],[-81.632,25.914],[-81.624,25.912],[-81.627,25.918],[-81.622,25.925],[-81.633,25.927],[-81.636,25.91],[-81.641,25.923],[-81.636,25.923],[-81.638,25.93],[-81.633,25.929],[-81.635,25.939],[-81.647,25.938],[-81.65,25.933],[-81.648,25.937],[-81.653,25.935],[-81.654,25.944],[-81.666,25.951],[-81.685,25.953],[-81.681,25.964],[-81.69,25.96],[-81.688,25.956],[-81.7,25.96],[-81.697,25.965],[-81.686,25.963],[-81.68,25.967],[-81.673,25.963],[-81.671,25.955],[-81.666,25.955],[-81.668,25.961],[-81.662,25.97],[-81.657,25.969],[-81.657,25.976],[-81.666,25.981],[-81.665,25.975],[-81.674,25.975],[-81.672,25.97],[-81.684,25.972],[-81.686,25.968],[-81.695,25.968],[-81.689,25.972],[-81.699,25.969],[-81.692,25.974],[-81.698,25.983],[-81.708,25.965],[-81.709,25.973],[-81.713,25.971],[-81.705,25.98],[-81.71,25.987],[-81.724,25.986],[-81.725,25.98],[-81.73,25.979],[-81.727,25.976],[-81.739,25.975],[-81.732,25.978],[-81.733,25.983],[-81.725,25.985],[-81.726,25.99],[-81.715,25.993],[-81.732,25.995],[-81.737,26.013],[-81.744,26.013],[-81.739,26.013],[-81.741,26.018],[-81.734,26.021],[-81.743,26.031],[-81.74,26.034],[-81.761,26.042],[-81.758,26.043],[-81.765,26.051],[-81.77,26.049],[-81.761,26.043],[-81.772,26.044],[-81.775,26.039],[-81.767,26.029],[-81.764,26.012],[-81.757,26.002],[-81.762,26.006],[-81.803,26.091],[-81.798,26.096],[-81.791,26.091],[-81.794,26.097],[-81.788,26.098],[-81.791,26.082],[-81.785,26.08],[-81.786,26.087],[-81.781,26.091],[-81.786,26.099],[-81.783,26.119],[-81.79,26.12],[-81.783,26.161],[-81.795,26.131],[-81.791,26.129],[-81.792,26.12],[-81.8,26.12],[-81.793,26.12],[-81.787,26.113],[-81.788,26.104],[-81.79,26.114],[-81.794,26.118],[-81.791,26.109],[-81.797,26.118],[-81.787,26.102],[-81.797,26.099],[-81.792,26.106],[-81.8,26.113],[-81.795,26.102],[-81.8,26.111],[-81.797,26.098],[-81.8,26.1],[-81.801,26.094],[-81.814,26.173],[-81.806,26.173],[-81.811,26.174],[-81.809,26.18],[-81.815,26.174],[-81.82,26.239],[-81.832,26.287],[-81.819,26.294],[-81.826,26.293],[-81.823,26.297],[-81.83,26.303],[-81.83,26.293],[-81.826,26.297],[-81.826,26.291],[-81.832,26.288],[-81.846,26.33],[-81.819,26.331],[-81.819,26.316],[-81.658,26.318],[-81.659,26.421],[-81.562,26.423],[-81.564,26.513],[-81.272,26.517]]]]}},{"type":"Feature","properties":{"name":"Duval","fee_name":"Mobility Fee","fee_category":"Mobility Fee","year":2011,"schedule_url":"https://library.municode.com/fl/jacksonville/codes/code_of_ordinances/286353?nodeId=ZOSE_CH655COMOMASY_PT5MOFE","fdot_district":2,"layer":"county"},"geometry":{"type":"Polygon","coordinates":[[[-81.625,30.586],[-81.616,30.58],[-81.608,30.586],[-81.604,30.584],[-81.611,30.576],[-81.602,30.567],[-81.614,30.563],[-81.609,30.553],[-81.588,30.567],[-81.583,30.565],[-81.589,30.55],[-81.585,30.544],[-81.568,30.537],[-81.555,30.545],[-81.543,30.524],[-81.525,30.534],[-81.521,30.544],[-81.524,30.556],[-81.514,30.567],[-81.5,30.564],[-81.48,30.535],[-81.456,30.525],[-81.442,30.509],[-81.434,30.507],[-81.435,30.5],[-81.411,30.483],[-81.411,30.463],[-81.392,30.397],[-81.398,30.359],[-81.381,30.253],[-81.437,30.252],[-81.435,30.105],[-81.539,30.104],[-81.539,30.12],[-81.563,30.117],[-81.581,30.126],[-81.624,30.134],[-81.651,30.122],[-81.68,30.121],[-81.692,30.142],[-81.691,30.172],[-81.682,30.181],[-81.68,30.191],[-81.733,30.194],[-81.74,30.189],[-82.049,30.187],[-82.049,30.273],[-81.81,30.485],[-81.795,30.505],[-81.781,30.504],[-81.769,30.51],[-81.765,30.534],[-81.741,30.533],[-81.736,30.542],[-81.738,30.547],[-81.734,30.547],[-81.738,30.549],[-81.734,30.552],[-81.737,30.557],[-81.731,30.557],[-81.73,30.563],[-81.727,30.559],[-81.73,30.564],[-81.723,30.571],[-81.704,30.567],[-81.705,30.564],[-81.699,30.57],[-81.696,30.564],[-81.693,30.567],[-81.678,30.562],[-81.675,30.566],[-81.67,30.563],[-81.673,30.56],[-81.668,30.561],[-81.668,30.557],[-81.673,30.557],[-81.664,30.551],[-81.659,30.553],[-81.664,30.558],[-81.66,30.566],[-81.65,30.577],[-81.646,30.575],[-81.644,30.58],[-81.638,30.578],[-81.625,30.586]]]}},{"type":"Feature","properties":{"name":"Flagler","fee_name":"Transportation Impact Fee","fee_category":"Impact Fee","year":2025,"schedule_url":"files/fee-schedules/Flagler_County_Schedule.pdf","fdot_district":5,"layer":"county"},"geometry":{"type":"Polygon","coordinates":[[[-81.214,29.671],[-81.102,29.427],[-81.149,29.417],[-81.148,29.412],[-81.156,29.411],[-81.15,29.266],[-81.417,29.261],[-81.421,29.4],[-81.425,29.397],[-81.434,29.4],[-81.452,29.39],[-81.468,29.392],[-81.479,29.399],[-81.487,29.446],[-81.521,29.498],[-81.524,29.622],[-81.324,29.626],[-81.324,29.654],[-81.308,29.642],[-81.301,29.651],[-81.275,29.653],[-81.262,29.669],[-81.247,29.659],[-81.232,29.663],[-81.227,29.67],[-81.214,29.671]]]}},{"type":"Feature","properties":{"name":"Gilchrist","fee_name":"Road Impact Fee","fee_category":"Impact Fee","year":2022,"schedule_url":"https://library.municode.com/fl/gilchrist_county/codes/land_development_code?nodeId=ART11IMFE_S11.03ROIMFE_11.03.06COAMROIMFE","fdot_district":2,"layer":"county"},"geometry":{"type":"Polygon","coordinates":[[[-82.8,29.932],[-82.791,29.936],[-82.781,29.926],[-82.77,29.928],[-82.774,29.912],[-82.765,29.908],[-82.769,29.897],[-82.758,29.899],[-82.753,29.893],[-82.752,29.879],[-82.732,29.856],[-82.709,29.848],[-82.705,29.839],[-82.696,29.835],[-82.658,29.828],[-82.656,29.565],[-82.756,29.562],[-82.757,29.578],[-82.773,29.578],[-82.773,29.585],[-82.856,29.584],[-82.857,29.591],[-82.943,29.593],[-82.952,29.584],[-82.962,29.602],[-82.972,29.609],[-82.968,29.618],[-82.973,29.625],[-82.956,29.64],[-82.958,29.655],[-82.952,29.659],[-82.959,29.67],[-82.954,29.677],[-82.959,29.683],[-82.958,29.699],[-82.952,29.704],[-82.945,29.7],[-82.937,29.703],[-82.957,29.719],[-82.954,29.722],[-82.946,29.715],[-82.943,29.718],[-82.95,29.726],[-82.938,29.748],[-82.94,29.754],[-82.95,29.754],[-82.948,29.766],[-82.937,29.785],[-82.92,29.795],[-82.933,29.801],[-82.934,29.813],[-82.922,29.824],[-82.911,29.821],[-82.893,29.827],[-82.886,29.855],[-82.876,29.867],[-82.875,29.881],[-82.88,29.887],[-82.871,29.899],[-82.866,29.899],[-82.862,29.912],[-82.832,29.913],[-82.81,29.933],[-82.8,29.932]]]}},{"type":"Feature","properties":{"name":"Hernando","fee_name":"Roads Impact Fee","fee_category":"Impact Fee","year":2025,"schedule_url":"https://www.hernandocounty.us/media/e5jon4mi/impact-fee-schedule-20242025.pdf","fdot_district":7,"layer":"county"},"geometry":{"type":"MultiPolygon","coordinates":[[[[-82.666,28.505],[-82.662,28.501],[-82.673,28.502],[-82.666,28.505]]],[[[-82.666,28.51],[-82.658,28.511],[-82.66,28.506],[-82.666,28.51]]],[[[-82.651,28.547],[-82.654,28.544],[-82.651,28.543],[-82.657,28.545],[-82.651,28.547]]],[[[-82.661,28.552],[-82.657,28.554],[-82.651,28.549],[-82.656,28.546],[-82.661,28.552]]],[[[-82.652,28.629],[-82.656,28.624],[-82.657,28.628],[-82.652,28.629]]],[[[-82.653,28.636],[-82.653,28.63],[-82.657,28.632],[-82.654,28.635],[-82.665,28.631],[-82.661,28.637],[-82.66,28.633],[-82.655,28.639],[-82.653,28.636]]],[[[-82.659,28.646],[-82.654,28.645],[-82.656,28.642],[-82.665,28.641],[-82.664,28.647],[-82.661,28.642],[-82.659,28.646]]],[[[-82.655,28.649],[-82.651,28.646],[-82.658,28.646],[-82.66,28.65],[-82.655,28.649]]],[[[-82.65,28.659],[-82.653,28.651],[-82.665,28.653],[-82.661,28.66],[-82.656,28.653],[-82.658,28.659],[-82.65,28.659]]],[[[-82.655,28.663],[-82.65,28.66],[-82.666,28.661],[-82.663,28.666],[-82.659,28.663],[-82.66,28.667],[-82.655,28.663]]],[[[-82.65,28.677],[-82.65,28.673],[-82.656,28.674],[-82.65,28.677]]],[[[-82.656,28.685],[-82.659,28.682],[-82.661,28.686],[-82.656,28.685]]],[[[-82.665,28.683],[-82.669,28.685],[-82.664,28.687],[-82.665,28.683]]],[[[-82.418,28.695],[-82.418,28.666],[-82.263,28.668],[-82.268,28.66],[-82.274,28.661],[-82.274,28.654],[-82.267,28.648],[-82.257,28.649],[-82.26,28.635],[-82.246,28.627],[-82.242,28.613],[-82.234,28.609],[-82.233,28.6],[-82.222,28.594],[-82.214,28.575],[-82.202,28.572],[-82.195,28.576],[-82.187,28.573],[-82.188,28.569],[-82.167,28.564],[-82.157,28.573],[-82.15,28.571],[-82.138,28.565],[-82.129,28.545],[-82.12,28.541],[-82.11,28.544],[-82.094,28.523],[-82.066,28.531],[-82.055,28.522],[-82.055,28.478],[-82.253,28.479],[-82.253,28.435],[-82.671,28.434],[-82.675,28.442],[-82.668,28.44],[-82.668,28.448],[-82.671,28.447],[-82.664,28.454],[-82.668,28.459],[-82.674,28.457],[-82.674,28.463],[-82.683,28.458],[-82.679,28.462],[-82.685,28.465],[-82.672,28.465],[-82.676,28.468],[-82.67,28.469],[-82.67,28.479],[-82.663,28.484],[-82.669,28.494],[-82.667,28.491],[-82.653,28.514],[-82.658,28.517],[-82.655,28.52],[-82.669,28.52],[-82.659,28.524],[-82.668,28.528],[-82.651,28.529],[-82.652,28.537],[-82.645,28.545],[-82.652,28.551],[-82.648,28.571],[-82.653,28.574],[-82.653,28.568],[-82.657,28.569],[-82.649,28.582],[-82.643,28.578],[-82.642,28.585],[-82.65,28.588],[-82.643,28.593],[-82.652,28.596],[-82.654,28.591],[-82.656,28.594],[-82.651,28.598],[-82.661,28.599],[-82.651,28.605],[-82.654,28.609],[-82.665,28.604],[-82.659,28.613],[-82.651,28.613],[-82.655,28.619],[-82.65,28.618],[-82.654,28.625],[-82.651,28.63],[-82.648,28.627],[-82.652,28.631],[-82.649,28.638],[-82.662,28.639],[-82.645,28.645],[-82.651,28.648],[-82.646,28.651],[-82.649,28.661],[-82.644,28.66],[-82.643,28.665],[-82.655,28.67],[-82.641,28.679],[-82.641,28.683],[-82.647,28.682],[-82.64,28.692],[-82.418,28.695]]]]}},{"type":"Feature","properties":{"name":"Hillsborough","fee_name":"Mobility Fee","fee_category":"Mobility Fee","year":2022,"schedule_url":"files/fee-schedules/Hillsborough_County_Schedule.pdf","fdot_district":7,"layer":"county"},"geometry":{"type":"MultiPolygon","coordinates":[[[[-82.758,27.577],[-82.767,27.586],[-82.763,27.603],[-82.759,27.601],[-82.758,27.577]]],[[[-82.52,27.693],[-82.514,27.696],[-82.522,27.687],[-82.519,27.696],[-82.516,27.695],[-82.52,27.693]]],[[[-82.504,27.711],[-82.508,27.705],[-82.512,27.707],[-82.51,27.703],[-82.515,27.697],[-82.514,27.706],[-82.504,27.711]]],[[[-82.457,27.713],[-82.455,27.708],[-82.459,27.706],[-82.457,27.713]]],[[[-82.492,27.717],[-82.492,27.713],[-82.495,27.717],[-82.5,27.714],[-82.493,27.72],[-82.492,27.717]]],[[[-82.412,27.771],[-82.413,27.774],[-82.409,27.773],[-82.411,27.767],[-82.416,27.773],[-82.412,27.771]]],[[[-82.454,27.932],[-82.445,27.916],[-82.449,27.907],[-82.452,27.908],[-82.448,27.912],[-82.462,27.909],[-82.462,27.922],[-82.453,27.917],[-82.462,27.922],[-82.462,27.929],[-82.457,27.931],[-82.461,27.931],[-82.461,27.937],[-82.458,27.94],[-82.454,27.932]]],[[[-82.449,27.94],[-82.448,27.925],[-82.456,27.938],[-82.449,27.94]]],[[[-82.585,27.973],[-82.57,27.968],[-82.566,27.973],[-82.559,27.971],[-82.571,27.961],[-82.574,27.965],[-82.571,27.968],[-82.586,27.973],[-82.62,27.97],[-82.585,27.973]]],[[[-82.619,27.998],[-82.623,27.993],[-82.621,27.997],[-82.628,28.001],[-82.62,28.004],[-82.619,27.998]]],[[[-82.056,28.172],[-82.054,27.646],[-82.554,27.645],[-82.544,27.662],[-82.536,27.657],[-82.543,27.663],[-82.532,27.679],[-82.536,27.672],[-82.532,27.676],[-82.526,27.674],[-82.529,27.682],[-82.521,27.68],[-82.516,27.669],[-82.513,27.675],[-82.496,27.681],[-82.515,27.679],[-82.521,27.687],[-82.504,27.704],[-82.491,27.711],[-82.47,27.711],[-82.464,27.707],[-82.476,27.714],[-82.485,27.711],[-82.482,27.715],[-82.466,27.714],[-82.454,27.703],[-82.452,27.716],[-82.482,27.72],[-82.474,27.726],[-82.478,27.726],[-82.477,27.734],[-82.473,27.726],[-82.469,27.725],[-82.472,27.73],[-82.466,27.729],[-82.471,27.728],[-82.469,27.733],[-82.474,27.732],[-82.474,27.741],[-82.477,27.735],[-82.482,27.743],[-82.478,27.737],[-82.476,27.742],[-82.48,27.745],[-82.469,27.748],[-82.473,27.745],[-82.465,27.74],[-82.466,27.75],[-82.462,27.739],[-82.46,27.75],[-82.455,27.748],[-82.456,27.754],[-82.448,27.757],[-82.445,27.754],[-82.441,27.759],[-82.445,27.759],[-82.437,27.76],[-82.432,27.767],[-82.426,27.764],[-82.419,27.771],[-82.429,27.766],[-82.433,27.769],[-82.425,27.771],[-82.428,27.773],[-82.41,27.767],[-82.409,27.774],[-82.427,27.773],[-82.423,27.778],[-82.417,27.775],[-82.424,27.781],[-82.429,27.778],[-82.426,27.783],[-82.432,27.773],[-82.436,27.777],[-82.416,27.793],[-82.422,27.783],[-82.425,27.785],[-82.42,27.78],[-82.419,27.784],[-82.418,27.778],[-82.413,27.78],[-82.414,27.776],[-82.406,27.776],[-82.417,27.784],[-82.414,27.788],[-82.407,27.785],[-82.401,27.793],[-82.418,27.798],[-82.413,27.794],[-82.401,27.796],[-82.412,27.8],[-82.4,27.802],[-82.413,27.805],[-82.398,27.808],[-82.412,27.808],[-82.411,27.811],[-82.385,27.82],[-82.393,27.824],[-82.394,27.832],[-82.396,27.829],[-82.395,27.842],[-82.386,27.852],[-82.395,27.85],[-82.397,27.845],[-82.398,27.853],[-82.404,27.855],[-82.399,27.859],[-82.403,27.877],[-82.397,27.883],[-82.404,27.883],[-82.415,27.9],[-82.43,27.901],[-82.435,27.897],[-82.434,27.903],[-82.407,27.905],[-82.428,27.906],[-82.419,27.91],[-82.426,27.91],[-82.42,27.921],[-82.43,27.932],[-82.421,27.925],[-82.413,27.928],[-82.413,27.953],[-82.421,27.954],[-82.416,27.943],[-82.425,27.948],[-82.432,27.944],[-82.435,27.931],[-82.429,27.926],[-82.429,27.912],[-82.436,27.907],[-82.444,27.917],[-82.441,27.92],[-82.446,27.921],[-82.443,27.926],[-82.446,27.925],[-82.443,27.927],[-82.446,27.925],[-82.446,27.934],[-82.441,27.939],[-82.443,27.955],[-82.444,27.943],[-82.458,27.942],[-82.491,27.917],[-82.488,27.895],[-82.479,27.888],[-82.488,27.864],[-82.469,27.844],[-82.473,27.822],[-82.511,27.827],[-82.527,27.836],[-82.535,27.833],[-82.538,27.835],[-82.535,27.84],[-82.548,27.851],[-82.546,27.859],[-82.555,27.847],[-82.553,27.86],[-82.542,27.863],[-82.553,27.862],[-82.539,27.864],[-82.53,27.875],[-82.531,27.886],[-82.542,27.884],[-82.542,27.889],[-82.531,27.887],[-82.531,27.893],[-82.543,27.891],[-82.528,27.898],[-82.538,27.9],[-82.531,27.904],[-82.532,27.914],[-82.524,27.913],[-82.536,27.917],[-82.532,27.917],[-82.534,27.921],[-82.529,27.923],[-82.536,27.921],[-82.526,27.931],[-82.534,27.934],[-82.527,27.936],[-82.537,27.938],[-82.535,27.942],[-82.544,27.941],[-82.539,27.944],[-82.564,27.936],[-82.54,27.946],[-82.547,27.95],[-82.543,27.953],[-82.547,27.962],[-82.562,27.967],[-82.549,27.968],[-82.551,27.974],[-82.552,27.968],[-82.552,27.973],[-82.558,27.969],[-82.559,27.974],[-82.577,27.976],[-82.578,27.982],[-82.582,27.976],[-82.579,27.981],[-82.6,27.98],[-82.612,27.988],[-82.609,27.989],[-82.613,27.99],[-82.612,27.997],[-82.616,27.994],[-82.613,27.99],[-82.62,27.995],[-82.622,27.991],[-82.615,28.005],[-82.621,28.013],[-82.628,28.01],[-82.632,28.025],[-82.627,28.027],[-82.636,28.026],[-82.628,28.016],[-82.629,28.013],[-82.631,28.018],[-82.633,28.012],[-82.629,28.012],[-82.627,28.003],[-82.638,28.007],[-82.641,28.024],[-82.644,28.025],[-82.644,28.017],[-82.649,28.018],[-82.651,28.173],[-82.056,28.172]]]]}},{"type":"Feature","properties":{"name":"Lake","fee_name":"Roads Impact Fee","fee_category":"Impact Fee","year":2019,"schedule_url":"https://lakecountyfl.gov/planning-and-zoning/impact-fees","fdot_district":5,"layer":"county"},"geometry":{"type":"Polygon","coordinates":[[[-81.642,29.277],[-81.634,29.244],[-81.619,29.229],[-81.617,29.21],[-81.612,29.203],[-81.589,29.199],[-81.572,29.204],[-81.56,29.2],[-81.555,29.185],[-81.532,29.177],[-81.532,29.172],[-81.523,29.168],[-81.523,29.156],[-81.504,29.123],[-81.502,29.098],[-81.489,29.093],[-81.47,29.097],[-81.458,29.094],[-81.454,29.082],[-81.461,29.075],[-81.456,29.072],[-81.455,29.062],[-81.446,29.062],[-81.432,29.044],[-81.424,29.044],[-81.409,29.031],[-81.403,29.033],[-81.394,29.024],[-81.395,29.019],[-81.388,29.017],[-81.389,29.012],[-81.381,29.008],[-81.379,29.0],[-81.372,28.998],[-81.375,28.993],[-81.356,28.988],[-81.364,28.969],[-81.37,28.968],[-81.366,28.959],[-81.371,28.958],[-81.359,28.956],[-81.36,28.952],[-81.354,28.95],[-81.359,28.944],[-81.353,28.947],[-81.355,28.94],[-81.35,28.94],[-81.355,28.931],[-81.352,28.92],[-81.358,28.917],[-81.36,28.908],[-81.353,28.896],[-81.356,28.897],[-81.357,28.887],[-81.365,28.89],[-81.363,28.879],[-81.367,28.88],[-81.366,28.874],[-81.374,28.87],[-81.383,28.852],[-81.417,28.825],[-81.42,28.815],[-81.414,28.786],[-81.647,28.786],[-81.646,28.77],[-81.659,28.767],[-81.657,28.593],[-81.648,28.585],[-81.657,28.569],[-81.657,28.347],[-81.791,28.346],[-81.791,28.362],[-81.858,28.362],[-81.858,28.346],[-81.958,28.345],[-81.954,28.96],[-81.659,28.96],[-81.659,29.048],[-81.639,29.048],[-81.642,29.277]]]}},{"type":"Feature","properties":{"name":"Lee","fee_name":"Roads Impact Fee","fee_category":"Impact Fee","year":2021,"schedule_url":"files/fee-schedules/Lee_County_Schedule.pdf","fdot_district":1,"layer":"county"},"geometry":{"type":"MultiPolygon","coordinates":[[[[-81.566,26.769],[-81.562,26.423],[-81.659,26.421],[-81.658,26.318],[-81.819,26.316],[-81.819,26.331],[-81.846,26.33],[-81.863,26.366],[-81.855,26.356],[-81.847,26.361],[-81.851,26.357],[-81.849,26.352],[-81.855,26.355],[-81.851,26.346],[-81.852,26.352],[-81.846,26.35],[-81.849,26.346],[-81.844,26.35],[-81.835,26.347],[-81.839,26.382],[-81.843,26.386],[-81.841,26.401],[-81.842,26.405],[-81.844,26.399],[-81.851,26.404],[-81.846,26.408],[-81.851,26.418],[-81.846,26.423],[-81.862,26.432],[-81.857,26.432],[-81.853,26.442],[-81.867,26.454],[-81.865,26.465],[-81.88,26.454],[-81.876,26.455],[-81.875,26.449],[-81.868,26.446],[-81.879,26.452],[-81.885,26.439],[-81.89,26.446],[-81.884,26.452],[-81.893,26.44],[-81.895,26.445],[-81.901,26.439],[-81.901,26.445],[-81.907,26.439],[-81.909,26.446],[-81.904,26.447],[-81.908,26.452],[-81.907,26.463],[-81.912,26.466],[-81.913,26.461],[-81.916,26.464],[-81.916,26.459],[-81.92,26.46],[-81.918,26.457],[-81.923,26.46],[-81.92,26.455],[-81.925,26.457],[-81.919,26.447],[-81.915,26.45],[-81.921,26.442],[-81.937,26.461],[-81.927,26.463],[-81.938,26.47],[-81.939,26.466],[-81.946,26.467],[-81.941,26.47],[-81.943,26.475],[-81.948,26.475],[-81.947,26.468],[-81.951,26.467],[-81.956,26.473],[-81.957,26.468],[-81.981,26.482],[-82.012,26.484],[-82.009,26.496],[-82.008,26.49],[-82.001,26.493],[-81.989,26.489],[-81.998,26.493],[-81.991,26.491],[-81.993,26.497],[-81.989,26.494],[-82.001,26.501],[-81.997,26.501],[-81.999,26.507],[-82.001,26.503],[-82.009,26.507],[-82.008,26.511],[-82.0,26.51],[-82.0,26.52],[-82.003,26.512],[-82.01,26.511],[-82.009,26.518],[-82.016,26.529],[-82.036,26.529],[-82.033,26.536],[-82.038,26.534],[-82.036,26.539],[-82.043,26.543],[-82.04,26.554],[-82.041,26.548],[-82.05,26.549],[-82.047,26.543],[-82.058,26.549],[-82.053,26.553],[-82.059,26.559],[-82.05,26.558],[-82.057,26.56],[-82.052,26.566],[-82.059,26.56],[-82.064,26.567],[-82.06,26.572],[-82.058,26.566],[-82.056,26.572],[-82.049,26.57],[-82.053,26.571],[-82.051,26.579],[-82.045,26.574],[-82.049,26.58],[-82.043,26.581],[-82.049,26.582],[-82.044,26.588],[-82.048,26.588],[-82.046,26.594],[-82.043,26.593],[-82.048,26.603],[-82.046,26.613],[-82.054,26.619],[-82.049,26.623],[-82.056,26.627],[-82.054,26.633],[-82.055,26.628],[-82.06,26.638],[-82.068,26.633],[-82.064,26.64],[-82.054,26.64],[-82.062,26.644],[-82.061,26.639],[-82.069,26.66],[-82.071,26.656],[-82.081,26.666],[-82.073,26.67],[-82.077,26.676],[-82.07,26.673],[-82.076,26.677],[-82.077,26.686],[-82.083,26.687],[-82.081,26.693],[-82.076,26.688],[-82.078,26.697],[-82.072,26.692],[-82.073,26.696],[-82.067,26.695],[-82.075,26.695],[-82.074,26.711],[-82.08,26.718],[-82.071,26.73],[-82.061,26.771],[-81.566,26.769]]],[[[-82.122,26.587],[-82.12,26.593],[-82.134,26.592],[-82.123,26.597],[-82.129,26.598],[-82.124,26.602],[-82.129,26.601],[-82.125,26.606],[-82.129,26.609],[-82.128,26.618],[-82.131,26.617],[-82.128,26.621],[-82.133,26.622],[-82.13,26.626],[-82.135,26.625],[-82.133,26.636],[-82.169,26.677],[-82.162,26.677],[-82.161,26.684],[-82.17,26.677],[-82.181,26.681],[-82.173,26.689],[-82.169,26.683],[-82.168,26.692],[-82.156,26.694],[-82.163,26.696],[-82.157,26.702],[-82.15,26.702],[-82.149,26.695],[-82.149,26.701],[-82.148,26.695],[-82.148,26.7],[-82.147,26.695],[-82.147,26.7],[-82.145,26.695],[-82.138,26.701],[-82.129,26.694],[-82.125,26.698],[-82.133,26.699],[-82.124,26.699],[-82.118,26.675],[-82.113,26.674],[-82.118,26.669],[-82.112,26.666],[-82.107,26.671],[-82.111,26.648],[-82.116,26.648],[-82.11,26.648],[-82.116,26.647],[-82.11,26.647],[-82.112,26.638],[-82.117,26.639],[-82.112,26.637],[-82.116,26.633],[-82.112,26.631],[-82.119,26.629],[-82.112,26.631],[-82.116,26.63],[-82.106,26.615],[-82.106,26.62],[-82.102,26.617],[-82.108,26.63],[-82.111,26.628],[-82.107,26.631],[-82.111,26.631],[-82.108,26.643],[-82.107,26.638],[-82.102,26.641],[-82.094,26.637],[-82.094,26.632],[-82.078,26.631],[-82.077,26.624],[-82.068,26.616],[-82.071,26.619],[-82.07,26.614],[-82.074,26.614],[-82.065,26.611],[-82.067,26.602],[-82.078,26.605],[-82.077,26.601],[-82.068,26.601],[-82.07,26.596],[-82.073,26.599],[-82.072,26.595],[-82.071,26.598],[-82.078,26.599],[-82.071,26.595],[-82.075,26.593],[-82.071,26.592],[-82.073,26.588],[-82.079,26.588],[-82.071,26.588],[-82.077,26.584],[-82.073,26.586],[-82.074,26.582],[-82.083,26.582],[-82.084,26.59],[-82.083,26.586],[-82.088,26.586],[-82.081,26.58],[-82.085,26.58],[-82.091,26.585],[-82.088,26.589],[-82.092,26.586],[-82.103,26.601],[-82.103,26.614],[-82.108,26.613],[-82.101,26.594],[-82.087,26.576],[-82.084,26.562],[-82.081,26.565],[-82.079,26.561],[-82.081,26.55],[-82.072,26.54],[-82.088,26.539],[-82.075,26.538],[-82.077,26.513],[-82.071,26.502],[-82.065,26.502],[-82.063,26.493],[-82.083,26.49],[-82.094,26.493],[-82.099,26.506],[-82.087,26.507],[-82.109,26.515],[-82.099,26.521],[-82.103,26.524],[-82.101,26.529],[-82.105,26.525],[-82.108,26.547],[-82.111,26.545],[-82.117,26.559],[-82.114,26.564],[-82.119,26.566],[-82.104,26.572],[-82.12,26.567],[-82.105,26.573],[-82.118,26.573],[-82.121,26.567],[-82.123,26.576],[-82.115,26.577],[-82.122,26.587]]],[[[-82.197,26.548],[-82.19,26.54],[-82.195,26.542],[-82.195,26.535],[-82.192,26.53],[-82.189,26.532],[-82.19,26.513],[-82.183,26.482],[-82.16,26.462],[-82.151,26.459],[-82.169,26.469],[-82.157,26.464],[-82.162,26.471],[-82.181,26.479],[-82.176,26.486],[-82.175,26.479],[-82.165,26.475],[-82.173,26.478],[-82.177,26.487],[-82.174,26.494],[-82.169,26.494],[-82.168,26.488],[-82.154,26.481],[-82.162,26.479],[-82.156,26.471],[-82.152,26.471],[-82.156,26.476],[-82.152,26.479],[-82.144,26.477],[-82.143,26.472],[-82.139,26.474],[-82.136,26.466],[-82.124,26.472],[-82.118,26.465],[-82.124,26.461],[-82.114,26.453],[-82.108,26.457],[-82.113,26.449],[-82.108,26.452],[-82.109,26.448],[-82.1,26.448],[-82.096,26.451],[-82.105,26.449],[-82.101,26.457],[-82.085,26.456],[-82.091,26.448],[-82.088,26.44],[-82.087,26.444],[-82.075,26.444],[-82.069,26.45],[-82.067,26.455],[-82.071,26.458],[-82.057,26.456],[-82.059,26.468],[-82.062,26.462],[-82.066,26.463],[-82.061,26.469],[-82.053,26.466],[-82.056,26.462],[-82.052,26.465],[-82.032,26.452],[-82.035,26.449],[-82.013,26.453],[-82.072,26.422],[-82.094,26.424],[-82.127,26.436],[-82.181,26.477],[-82.202,26.551],[-82.197,26.553],[-82.197,26.548]]],[[[-82.244,26.699],[-82.245,26.681],[-82.234,26.677],[-82.243,26.673],[-82.237,26.651],[-82.245,26.655],[-82.237,26.645],[-82.234,26.655],[-82.23,26.645],[-82.234,26.641],[-82.223,26.626],[-82.224,26.62],[-82.219,26.625],[-82.222,26.612],[-82.257,26.677],[-82.256,26.705],[-82.248,26.708],[-82.244,26.699]]],[[[-81.94,26.453],[-81.905,26.429],[-81.904,26.432],[-81.883,26.404],[-81.895,26.404],[-81.92,26.435],[-81.962,26.456],[-81.965,26.465],[-81.958,26.458],[-81.94,26.453]]],[[[-82.261,26.766],[-82.263,26.759],[-82.256,26.75],[-82.259,26.747],[-82.255,26.749],[-82.259,26.744],[-82.254,26.748],[-82.262,26.728],[-82.26,26.717],[-82.265,26.72],[-82.264,26.75],[-82.271,26.79],[-82.266,26.79],[-82.261,26.766]]],[[[-82.218,26.605],[-82.213,26.599],[-82.219,26.603],[-82.219,26.594],[-82.214,26.597],[-82.213,26.587],[-82.206,26.585],[-82.211,26.579],[-82.198,26.555],[-82.222,26.59],[-82.226,26.602],[-82.223,26.607],[-82.218,26.605]]],[[[-81.87,26.403],[-81.874,26.401],[-81.869,26.395],[-81.868,26.4],[-81.865,26.39],[-81.863,26.393],[-81.861,26.379],[-81.869,26.379],[-81.885,26.394],[-81.881,26.399],[-81.884,26.398],[-81.881,26.392],[-81.864,26.38],[-81.864,26.385],[-81.871,26.387],[-81.868,26.392],[-81.877,26.392],[-81.878,26.406],[-81.87,26.403]]],[[[-81.866,26.375],[-81.862,26.376],[-81.863,26.37],[-81.861,26.377],[-81.856,26.37],[-81.854,26.373],[-81.855,26.366],[-81.85,26.361],[-81.858,26.361],[-81.866,26.374],[-81.864,26.378],[-81.866,26.375]]],[[[-82.181,26.511],[-82.176,26.498],[-82.182,26.489],[-82.186,26.512],[-82.181,26.517],[-82.181,26.511]]],[[[-81.95,26.465],[-81.939,26.462],[-81.937,26.456],[-81.951,26.461],[-81.954,26.458],[-81.956,26.466],[-81.95,26.465]]],[[[-82.156,26.706],[-82.148,26.704],[-82.152,26.702],[-82.16,26.701],[-82.163,26.705],[-82.17,26.702],[-82.164,26.696],[-82.179,26.7],[-82.172,26.705],[-82.156,26.706]]],[[[-82.25,26.77],[-82.248,26.762],[-82.253,26.766],[-82.257,26.759],[-82.257,26.763],[-82.262,26.759],[-82.254,26.766],[-82.256,26.774],[-82.252,26.775],[-82.25,26.77]]],[[[-82.191,26.659],[-82.191,26.654],[-82.189,26.658],[-82.184,26.653],[-82.187,26.648],[-82.195,26.652],[-82.195,26.663],[-82.189,26.666],[-82.191,26.659]]],[[[-82.11,26.468],[-82.104,26.463],[-82.114,26.459],[-82.116,26.466],[-82.11,26.468]]],[[[-82.103,26.49],[-82.09,26.488],[-82.103,26.484],[-82.106,26.486],[-82.106,26.491],[-82.103,26.49]]],[[[-82.073,26.519],[-82.063,26.503],[-82.07,26.506],[-82.069,26.513],[-82.072,26.507],[-82.073,26.519]]],[[[-81.86,26.426],[-81.864,26.418],[-81.868,26.421],[-81.867,26.426],[-81.86,26.426]]],[[[-82.126,26.476],[-82.126,26.471],[-82.136,26.47],[-82.13,26.478],[-82.126,26.476]]],[[[-82.238,26.692],[-82.226,26.677],[-82.238,26.689],[-82.24,26.685],[-82.238,26.692]]],[[[-82.228,26.782],[-82.223,26.782],[-82.216,26.77],[-82.228,26.782]]],[[[-82.074,26.466],[-82.067,26.464],[-82.085,26.456],[-82.074,26.466]]],[[[-82.174,26.695],[-82.181,26.692],[-82.18,26.686],[-82.184,26.687],[-82.182,26.697],[-82.174,26.695]]],[[[-82.254,26.75],[-82.262,26.758],[-82.256,26.759],[-82.254,26.75]]],[[[-81.882,26.418],[-81.883,26.411],[-81.891,26.414],[-81.882,26.418]]],[[[-81.867,26.412],[-81.865,26.409],[-81.876,26.411],[-81.87,26.417],[-81.867,26.412]]],[[[-82.143,26.704],[-82.132,26.701],[-82.14,26.704],[-82.145,26.7],[-82.148,26.703],[-82.143,26.704]]],[[[-82.049,26.543],[-82.043,26.542],[-82.039,26.533],[-82.044,26.533],[-82.049,26.543]]],[[[-82.077,26.638],[-82.072,26.631],[-82.068,26.632],[-82.071,26.623],[-82.077,26.638]]],[[[-82.203,26.69],[-82.199,26.688],[-82.206,26.687],[-82.202,26.678],[-82.209,26.687],[-82.203,26.69]]],[[[-81.914,26.442],[-81.91,26.443],[-81.908,26.438],[-81.916,26.439],[-81.914,26.442]]],[[[-82.21,26.665],[-82.214,26.654],[-82.216,26.662],[-82.211,26.668],[-82.21,26.665]]],[[[-82.082,26.684],[-82.078,26.683],[-82.083,26.68],[-82.077,26.68],[-82.081,26.675],[-82.081,26.68],[-82.085,26.677],[-82.082,26.684]]],[[[-82.115,26.684],[-82.112,26.676],[-82.118,26.683],[-82.118,26.687],[-82.115,26.684]]],[[[-82.079,26.578],[-82.075,26.573],[-82.082,26.574],[-82.079,26.578]]],[[[-82.17,26.688],[-82.173,26.695],[-82.169,26.694],[-82.17,26.688]]],[[[-82.028,26.498],[-82.033,26.496],[-82.034,26.5],[-82.028,26.498]]],[[[-82.1,26.462],[-82.096,26.457],[-82.105,26.46],[-82.101,26.461],[-82.104,26.464],[-82.1,26.462]]],[[[-82.072,26.538],[-82.069,26.535],[-82.073,26.531],[-82.072,26.538]]],[[[-82.023,26.49],[-82.032,26.491],[-82.021,26.494],[-82.023,26.49]]],[[[-82.04,26.532],[-82.034,26.528],[-82.041,26.526],[-82.04,26.532]]],[[[-82.183,26.641],[-82.189,26.64],[-82.189,26.644],[-82.183,26.641]]],[[[-82.108,26.458],[-82.102,26.457],[-82.107,26.454],[-82.108,26.458]]],[[[-82.138,26.635],[-82.141,26.632],[-82.14,26.638],[-82.138,26.635]]],[[[-82.08,26.675],[-82.075,26.673],[-82.08,26.668],[-82.08,26.675]]],[[[-82.084,26.638],[-82.081,26.635],[-82.087,26.636],[-82.084,26.638]]],[[[-82.142,26.611],[-82.141,26.608],[-82.146,26.61],[-82.142,26.611]]],[[[-82.214,26.682],[-82.215,26.678],[-82.217,26.683],[-82.214,26.682]]],[[[-81.912,26.452],[-81.908,26.449],[-81.913,26.449],[-81.912,26.452]]],[[[-82.121,26.473],[-82.118,26.47],[-82.123,26.47],[-82.121,26.473]]],[[[-82.179,26.699],[-82.176,26.698],[-82.181,26.696],[-82.179,26.699]]],[[[-82.268,26.686],[-82.266,26.683],[-82.27,26.683],[-82.268,26.686]]]]}},{"type":"Feature","properties":{"name":"Levy","fee_name":"Road Impact Fee","fee_category":"Impact Fee","year":2025,"schedule_url":"https://library.municode.com/fl/levy_county/codes/code_of_ordinances?nodeId=COOR_CH47IMFE_ARTIVROIMFE_S47-69IMROIMFE","fdot_district":2,"layer":"county"},"geometry":{"type":"MultiPolygon","coordinates":[[[[-83.0,29.164],[-83.004,29.164],[-83.004,29.174],[-83.025,29.17],[-83.027,29.166],[-83.028,29.171],[-83.032,29.169],[-83.04,29.176],[-83.039,29.17],[-83.048,29.179],[-83.053,29.174],[-83.05,29.178],[-83.058,29.18],[-83.053,29.192],[-83.064,29.192],[-83.067,29.187],[-83.068,29.192],[-83.071,29.19],[-83.07,29.195],[-83.065,29.195],[-83.066,29.199],[-83.071,29.197],[-83.07,29.206],[-83.063,29.209],[-83.063,29.214],[-83.06,29.212],[-83.062,29.216],[-83.057,29.214],[-83.061,29.218],[-83.055,29.221],[-83.062,29.218],[-83.078,29.221],[-83.077,29.225],[-83.069,29.226],[-83.074,29.229],[-83.07,29.23],[-83.068,29.243],[-83.075,29.245],[-83.07,29.249],[-83.075,29.251],[-83.068,29.251],[-83.077,29.253],[-83.081,29.269],[-83.095,29.266],[-83.101,29.272],[-83.108,29.268],[-83.11,29.28],[-83.125,29.277],[-83.122,29.285],[-83.138,29.283],[-83.139,29.289],[-83.15,29.289],[-83.146,29.293],[-83.158,29.292],[-83.16,29.296],[-83.148,29.308],[-83.142,29.323],[-83.116,29.317],[-83.112,29.325],[-83.103,29.327],[-83.099,29.337],[-83.092,29.332],[-83.06,29.35],[-83.072,29.354],[-83.062,29.364],[-83.066,29.373],[-83.042,29.383],[-83.033,29.392],[-83.033,29.398],[-83.023,29.399],[-83.026,29.408],[-83.022,29.414],[-83.027,29.419],[-83.016,29.42],[-83.022,29.43],[-83.001,29.463],[-82.99,29.463],[-82.984,29.47],[-82.987,29.477],[-82.982,29.485],[-82.983,29.515],[-82.969,29.522],[-82.979,29.532],[-82.977,29.541],[-82.947,29.559],[-82.949,29.566],[-82.937,29.591],[-82.857,29.591],[-82.856,29.584],[-82.773,29.585],[-82.773,29.578],[-82.757,29.578],[-82.756,29.562],[-82.656,29.565],[-82.656,29.536],[-82.557,29.538],[-82.557,29.48],[-82.496,29.478],[-82.496,29.486],[-82.407,29.485],[-82.403,29.216],[-82.536,29.215],[-82.538,29.042],[-82.543,29.043],[-82.555,29.034],[-82.564,29.036],[-82.577,29.028],[-82.596,29.03],[-82.602,29.013],[-82.613,29.009],[-82.641,29.022],[-82.673,29.025],[-82.69,29.034],[-82.704,29.033],[-82.717,29.028],[-82.728,29.015],[-82.762,29.001],[-82.752,29.008],[-82.754,29.018],[-82.737,29.023],[-82.741,29.022],[-82.742,29.027],[-82.744,29.024],[-82.745,29.032],[-82.75,29.026],[-82.754,29.03],[-82.749,29.035],[-82.759,29.035],[-82.749,29.036],[-82.754,29.038],[-82.752,29.049],[-82.759,29.052],[-82.752,29.064],[-82.77,29.059],[-82.775,29.06],[-82.775,29.065],[-82.783,29.063],[-82.779,29.071],[-82.77,29.072],[-82.776,29.074],[-82.774,29.08],[-82.779,29.082],[-82.781,29.075],[-82.784,29.08],[-82.785,29.076],[-82.794,29.081],[-82.802,29.076],[-82.805,29.083],[-82.811,29.077],[-82.816,29.079],[-82.804,29.087],[-82.81,29.09],[-82.799,29.094],[-82.801,29.103],[-82.785,29.094],[-82.8,29.107],[-82.796,29.112],[-82.786,29.111],[-82.789,29.114],[-82.786,29.116],[-82.803,29.116],[-82.803,29.125],[-82.807,29.127],[-82.804,29.132],[-82.809,29.136],[-82.801,29.143],[-82.805,29.147],[-82.797,29.147],[-82.803,29.147],[-82.811,29.157],[-82.804,29.167],[-82.821,29.164],[-82.834,29.154],[-82.837,29.165],[-82.844,29.159],[-82.844,29.164],[-82.857,29.174],[-82.857,29.166],[-82.877,29.159],[-82.878,29.164],[-82.882,29.162],[-82.884,29.166],[-82.888,29.161],[-82.901,29.172],[-82.905,29.164],[-82.91,29.166],[-82.906,29.177],[-82.915,29.168],[-82.921,29.169],[-82.92,29.173],[-82.925,29.169],[-82.928,29.172],[-82.927,29.168],[-82.932,29.171],[-82.936,29.168],[-82.936,29.172],[-82.938,29.167],[-82.944,29.169],[-82.939,29.169],[-82.942,29.174],[-82.941,29.17],[-82.95,29.168],[-82.945,29.172],[-82.954,29.17],[-82.952,29.177],[-82.959,29.169],[-82.962,29.177],[-82.956,29.183],[-82.962,29.18],[-82.965,29.186],[-82.966,29.176],[-82.975,29.179],[-82.973,29.176],[-82.977,29.177],[-82.98,29.171],[-82.982,29.18],[-82.977,29.182],[-82.986,29.178],[-82.983,29.184],[-83.003,29.178],[-82.998,29.17],[-83.0,29.164]]],[[[-82.813,29.106],[-82.804,29.105],[-82.8,29.096],[-82.818,29.091],[-82.824,29.099],[-82.811,29.101],[-82.813,29.106]]],[[[-83.047,29.156],[-83.042,29.153],[-83.045,29.15],[-83.037,29.147],[-83.039,29.141],[-83.027,29.139],[-83.029,29.135],[-83.035,29.134],[-83.046,29.147],[-83.054,29.137],[-83.054,29.149],[-83.047,29.156]]],[[[-83.056,29.172],[-83.05,29.17],[-83.052,29.16],[-83.06,29.161],[-83.054,29.164],[-83.06,29.17],[-83.056,29.172]]],[[[-83.043,29.136],[-83.051,29.133],[-83.051,29.127],[-83.056,29.129],[-83.05,29.138],[-83.041,29.14],[-83.043,29.136]]],[[[-83.07,29.102],[-83.066,29.099],[-83.07,29.1],[-83.069,29.097],[-83.061,29.102],[-83.062,29.096],[-83.076,29.1],[-83.07,29.102]]],[[[-83.073,29.208],[-83.079,29.197],[-83.081,29.205],[-83.073,29.213],[-83.073,29.208]]],[[[-82.761,28.993],[-82.764,29.0],[-82.755,29.0],[-82.761,28.993]]],[[[-83.08,29.219],[-83.075,29.216],[-83.082,29.212],[-83.085,29.215],[-83.08,29.219]]],[[[-83.009,29.165],[-83.009,29.159],[-83.016,29.164],[-83.012,29.17],[-83.007,29.168],[-83.009,29.165]]],[[[-83.057,29.189],[-83.063,29.181],[-83.064,29.189],[-83.057,29.189]]],[[[-83.088,29.132],[-83.083,29.128],[-83.088,29.12],[-83.088,29.132]]],[[[-82.753,29.06],[-82.763,29.056],[-82.754,29.063],[-82.753,29.06]]],[[[-83.016,29.147],[-83.018,29.142],[-83.023,29.146],[-83.02,29.153],[-83.016,29.147]]],[[[-83.078,29.242],[-83.08,29.229],[-83.082,29.24],[-83.078,29.242]]],[[[-82.972,29.175],[-82.968,29.172],[-82.976,29.171],[-82.972,29.175]]],[[[-82.851,29.167],[-82.858,29.162],[-82.852,29.168],[-82.855,29.172],[-82.851,29.167]]],[[[-82.746,29.025],[-82.75,29.021],[-82.755,29.025],[-82.746,29.025]]],[[[-83.06,29.181],[-83.054,29.176],[-83.061,29.176],[-83.06,29.181]]],[[[-83.064,29.16],[-83.058,29.156],[-83.068,29.155],[-83.064,29.16]]],[[[-83.031,29.149],[-83.03,29.141],[-83.036,29.142],[-83.031,29.149]]],[[[-83.033,29.126],[-83.028,29.123],[-83.034,29.122],[-83.033,29.126]]],[[[-83.027,29.163],[-83.025,29.159],[-83.031,29.159],[-83.031,29.164],[-83.027,29.163]]],[[[-83.024,29.123],[-83.026,29.118],[-83.031,29.121],[-83.024,29.123]]],[[[-83.028,29.156],[-83.033,29.151],[-83.03,29.155],[-83.034,29.156],[-83.028,29.156]]],[[[-83.081,29.226],[-83.081,29.22],[-83.086,29.22],[-83.083,29.223],[-83.087,29.225],[-83.081,29.226]]],[[[-83.048,29.178],[-83.045,29.173],[-83.049,29.171],[-83.048,29.178]]],[[[-82.813,29.076],[-82.818,29.075],[-82.817,29.079],[-82.813,29.076]]],[[[-83.045,29.143],[-83.045,29.138],[-83.05,29.139],[-83.045,29.143]]],[[[-82.775,29.076],[-82.778,29.074],[-82.779,29.08],[-82.775,29.076]]],[[[-83.163,29.29],[-83.161,29.286],[-83.165,29.287],[-83.163,29.29]]],[[[-83.024,29.162],[-83.02,29.162],[-83.022,29.157],[-83.024,29.162]]],[[[-83.058,29.152],[-83.053,29.152],[-83.055,29.146],[-83.058,29.152]]],[[[-83.084,29.262],[-83.082,29.266],[-83.08,29.263],[-83.084,29.262]]],[[[-82.758,29.048],[-82.754,29.046],[-82.759,29.045],[-82.758,29.048]]],[[[-83.159,29.292],[-83.155,29.291],[-83.157,29.286],[-83.159,29.292]]],[[[-82.805,29.126],[-82.804,29.123],[-82.809,29.125],[-82.805,29.126]]],[[[-83.045,29.164],[-83.047,29.161],[-83.048,29.167],[-83.045,29.164]]]]}}]}